product_id,brand,model,Network_Technology,Network_2G bands,Network_3G bands,Network_4G bands,Network_5G bands,Network_Speed,Launch_Announced,Launch_Status,Body_Dimensions,Body_Weight,Body_Build,Body_SIM,Display_Type,Display_Size,Display_Resolution,Display_Protection,Platform_OS,Platform_Chipset,Platform_CPU,Platform_GPU,Memory_Card slot,Memory_Internal,Main Camera_Triple,Main Camera_Features,Main Camera_Video,Selfie camera_Single,Selfie camera_Features,Selfie camera_Video,Sound_Loudspeaker,Sound_3.5mm jack,Comms_WLAN,Comms_Bluetooth,Comms_Positioning,Comms_NFC,Comms_Radio,Comms_USB,Features_Sensors,Battery_Type,Battery_Charging,Misc_Colors,Misc_Models,Misc_SAR,Main Camera_Quad,Misc_SAR EU,Main Camera_Dual,Comms_Infrared port,Misc_Price,Selfie camera_Dual,Main Camera_Single
10954,Samsung,Galaxy S21 FE 5G,GSM / CDMA / HSPA / EVDO / LTE / 5G,GSM 850 / 900 / 1800 / 1900 - SIM 1 & SIM 2 (Dual SIM model only),HSDPA 850 / 900 / 1700(AWS) / 1900 / 2100,"1, 2, 3, 4, 5, 7, 8, 12, 17, 20, 26, 28, 32, 38, 40, 41, 66 - International","1, 3, 5, 8, 20, 28, 38, 40, 41, 66, 78 SA/NSA/Sub6 - International","HSPA 42.2/5.76 Mbps, LTE-A (5CA) Cat19 1600/200 Mbps, 5G","2022, January 04","Available. Released 2022, January 07",155.7 x 74.5 x 7.9 mm (6.13 x 2.93 x 0.31 in),177 g (6.24 oz),"Glass front (Gorilla Glass Victus), plastic back, aluminum frame","Single SIM (Nano-SIM) or Dual SIM (Nano-SIM, dual stand-by)","Dynamic AMOLED 2X, 120Hz, HDR10+","6.4 inches, 100.5 cm2 (~86.7% screen-to-body ratio)","1080 x 2340 pixels, 19.5:9 ratio (~403 ppi density)",Corning Gorilla Glass Victus,"Android 12, upgradable to Android 13, One UI 5.1",Qualcomm SM8350 Snapdragon 888 5G (5 nm) - Version 1 Exynos 2100 (5 nm) - Version 2,Octa-core (1x2.84 GHz Cortex-X1 & 3x2.42 GHz Cortex-A78 & 4x1.80 GHz Cortex-A55) - Version 1 Octa-core (1x2.9 GHz Cortex-X1 & 3x2.80 GHz Cortex-A78 & 4x2.2 GHz Cortex-A55) - Version 2,Adreno 660 - Version 1 Mali-G78 MP14 - Version 2,No,"128GB 6GB RAM, 128GB 8GB RAM, 256GB 6GB RAM, 256GB 8GB RAM","12 MP, f/1.8, 26mm (wide), 1/1.76"", 1.8µm, Dual Pixel PDAF, OIS 8 MP, f/2.4, 76mm (telephoto), 1/4.5"", 1.0µm, PDAF, OIS, 3x optical zoom 12 MP, f/2.2, 13mm, 123˚ (ultrawide), 1/3.0"", 1.12µm","LED flash, auto-HDR, panorama","4K@30/60fps, 1080p@30/60/240fps, 720p@960fps, HDR10+, gyro-EIS","32 MP, f/2.2, 26mm (wide), 1/2.74"", 0.8µm",HDR,"4K@30/60fps, 1080p@30/60fps, gyro-EIS","Yes, with stereo speakers",No,"Wi-Fi 802.11 a/b/g/n/ac/6, dual-band, Wi-Fi Direct","5.0, A2DP, LE","GPS, GLONASS, BDS, GALILEO",Yes,Unspecified,"USB Type-C, OTG","Fingerprint (under display, optical), accelerometer, gyro, proximity, compass","Li-Ion 4500 mAh, non-removable","25W wired, PD3.0, 50% in 30 min (advertised) 15W wireless Reverse wireless","White, Graphite, Lavender, Olive","SM-G990B, SM-G990B/DS, SM-G990U, SM-G990U1, SM-G990W, SM-G990E, SM-G9900, SM-G990B2, SM-G990U2, SM-G990W2",0.77 W/kg (head) 0.90 W/kg (body),,,,,,,
12520,Samsung,Galaxy S23 FE,GSM / HSPA / LTE / 5G,GSM 850 / 900 / 1800 / 1900 - SIM 1 & SIM 2 (Dual SIM model only),HSDPA 850 / 900 / 1700(AWS) / 1900 / 2100,"1, 2, 3, 4, 5, 7, 8, 12, 13, 17, 20, 26, 28, 38, 40, 41, 66 - International","1, 2, 3, 5, 7, 8, 20, 28, 38, 40, 41, 66, 77, 78 SA/NSA/Sub6 - International","HSPA, LTE-A (CA), 5G","2023, October 04","Available. Released 2023, October 05",158 x 76.5 x 8.2 mm (6.22 x 3.01 x 0.32 in),209 g (7.37 oz),"Glass front (Gorilla Glass 5), glass back (Gorilla Glass 5), aluminum frame","Single SIM (Nano-SIM) or Dual SIM (Nano-SIM, dual stand-by) or Dual SIM (2 Nano-SIMs or SIM & eSIM, dual stand-by)","Dynamic AMOLED 2X, 120Hz, HDR10+, 1450 nits (peak)","6.4 inches, 100.5 cm2 (~83.2% screen-to-body ratio)","1080 x 2340 pixels, 19.5:9 ratio (~403 ppi density)",Corning Gorilla Glass 5,"Android 13, One UI 5.1",Exynos 2200 (4 nm) - International Qualcomm SM8450 Snapdragon 8 Gen 1 (4 nm) - USA,Octa-core (1x2.8 GHz Cortex-X2 & 3x2.50 GHz Cortex-A710 & 4x1.8 GHz Cortex-A510) - International Octa-core (1x3.00 GHz Cortex-X2 & 3x2.50 GHz Cortex-A710 & 4x1.80 GHz Cortex-A510) - USA,Xclipse 920 - International Adreno 730 - USA,No,"128GB 8GB RAM, 256GB 8GB RAM","50 MP, f/1.8, 24mm (wide), PDAF, OIS 8 MP, f/2.4, 75mm (telephoto), PDAF, 3x optical zoom 12 MP, f/2.2, 123˚ (ultrawide)","LED flash, HDR, panorama","8K@24fps, 4K@30fps, 1080p@30/60/120/240fps, 720p@960fps","10 MP, f/2.4, 26mm (wide)",,Yes,"Yes, with stereo speakers",No,"Wi-Fi 802.11 a/b/g/n/ac/6e, dual-band, Wi-Fi Direct","5.3, A2DP, LE","GPS, GLONASS, GALILEO, BDS",Yes,Unspecified,"USB Type-C, OTG","Fingerprint (under display, optical), accelerometer, gyro, compass","Li-Ion 4500 mAh, non-removable","25W wired, PD2.0, 50% in 30 min Wirless","Mint, Cream, Graphite, Purple, Indigo, Tangerine","SM-S711B, SM-S711B/DS, SM-S711U1, SM-S711U, SM-S711W, SM-S7110",0.80 W/kg (head) 0.72 W/kg (body),,,,,,,
12070,Samsung,Galaxy A54,GSM / HSPA / LTE / 5G,GSM 850 / 900 / 1800 / 1900 - SIM 1 & SIM 2 (dual-SIM model only),HSDPA 850 / 900 / 1700(AWS) / 1900 / 2100,"1, 2, 3, 4, 5, 7, 8, 12, 17, 20, 26, 28, 32, 38, 40, 41, 66 - International","1, 3, 7, 8, 20, 28, 38, 40, 41, 77, 78 SA/NSA/Sub6 - International","HSPA, LTE-A, 5G","2023, March 15","Available. Released 2023, March 24",158.2 x 76.7 x 8.2 mm (6.23 x 3.02 x 0.32 in),202 g (7.13 oz),"Glass front (Gorilla Glass 5), glass back (Gorilla Glass 5), plastic frame","Single SIM (Nano-SIM, eSIM) or Hybrid Dual SIM (Nano-SIM, dual stand-by)","Super AMOLED, 120Hz, HDR10+, 1000 nits (HBM)","6.4 inches, 100.5 cm2 (~82.9% screen-to-body ratio)","1080 x 2340 pixels, 19.5:9 ratio (~403 ppi density)",Corning Gorilla Glass 5,"Android 13, One UI 5.1",Exynos 1380 (5 nm),Octa-core (4x2.4 GHz Cortex-A78 & 4x2.0 GHz Cortex-A55),Mali-G68 MP5,microSDXC (uses shared SIM slot),"128GB 6GB RAM, 128GB 8GB RAM, 256GB 6GB RAM, 256GB 8GB RAM","50 MP, f/1.8, (wide), 1/1.56"", 1.0µm, PDAF, OIS 12 MP, f/2.2, 123˚ (ultrawide), 1.12µm 5 MP, f/2.4, (macro)","LED flash, panorama, HDR","4K@30fps, 1080p@30/60fps, 720p@480fps","32 MP, f/2.2, 26mm (wide), 1/2.8"", 0.8µm",,"4K@30fps, 1080p@30/60fps","Yes, with stereo speakers",No,"Wi-Fi 802.11 a/b/g/n/ac/6, dual-band, Wi-Fi Direct","5.3, A2DP, LE","GPS, GLONASS, GALILEO, BDS",Yes (market/region dependent),No,"USB Type-C 2.0, OTG","Fingerprint (under display, optical), accelerometer, gyro, compass, barometer (USA only)","Li-Po 5000 mAh, non-removable",25W wired,"Lime, Graphite, Violet, White","SM-A546V, SM-A546U, SM-A546U1, SM-A546B, SM-A546B/DS, SM-A546E, SM-A546E/DS, SM-A5460",0.81 W/kg (head) 0.67 W/kg (body),,,,,,,
12024,Samsung,Galaxy S23 Ultra,GSM / CDMA / HSPA / EVDO / LTE / 5G,GSM 850 / 900 / 1800 / 1900 - SIM 1 & SIM 2 (Dual SIM model only),HSDPA 850 / 900 / 1700(AWS) / 1900 / 2100,"1, 2, 3, 4, 5, 7, 8, 12, 13, 17, 18, 19, 20, 25, 26, 28, 32, 38, 39, 40, 41, 66 - International","1, 2, 3, 5, 7, 8, 12, 20, 25, 28, 38, 40, 41, 66, 75, 77, 78 SA/NSA/Sub6 - International","HSPA, LTE-A (up to 7CA), 5G","2023, February 01","Available. Released 2023, February 17",163.4 x 78.1 x 8.9 mm (6.43 x 3.07 x 0.35 in),234 g (8.25 oz),"Glass front (Gorilla Glass Victus 2), glass back (Gorilla Glass Victus 2), aluminum frame","Nano-SIM and eSIM or Dual SIM (2 Nano-SIMs and eSIM, dual stand-by)","Dynamic AMOLED 2X, 120Hz, HDR10+, 1200 nits (HBM), 1750 nits (peak)","6.8 inches, 114.7 cm2 (~89.9% screen-to-body ratio)","1440 x 3088 pixels, 19.3:9 ratio (~500 ppi density)",Corning Gorilla Glass Victus 2,"Android 13, One UI 5.1",Qualcomm SM8550-AC Snapdragon 8 Gen 2 (4 nm),Octa-core (1x3.36 GHz Cortex-X3 & 2x2.8 GHz Cortex-A715 & 2x2.8 GHz Cortex-A710 & 3x2.0 GHz Cortex-A510),Adreno 740,No,"256GB 8GB RAM, 256GB 12GB RAM, 512GB 12GB RAM, 1TB 12GB RAM",,"LED flash, auto-HDR, panorama","8K@24/30fps, 4K@30/60fps, 1080p@30/60/240fps, 1080p@960fps, HDR10+, stereo sound rec., gyro-EIS","12 MP, f/2.2, 26mm (wide), Dual Pixel PDAF","Dual video call, Auto-HDR, HDR10+","4K@30/60fps, 1080p@30fps","Yes, with stereo speakers",No,"Wi-Fi 802.11 a/b/g/n/ac/6e, tri-band, Wi-Fi Direct","5.3, A2DP, LE","GPS, GLONASS, BDS, GALILEO",Yes,No,"USB Type-C 3.2, OTG","Fingerprint (under display, ultrasonic), accelerometer, gyro, proximity, compass, barometer","Li-Ion 5000 mAh, non-removable","45W wired, PD3.0, 65% in 30 min (advertised) 15W wireless (Qi/PMA) 4.5W reverse wireless","Phantom Black, Green, Cream, Lavender, Graphite, Sky Blue, Lime, Red, BMW M Edition","SM-S918B, SM-S918B/DS, SM-S918U, SM-S918U1, SM-S918W, SM-S918N, SM-S9180, SM-S918E, SM-S918E/DS",1.12 W/kg (head) 0.92 W/kg (body),"200 MP, f/1.7, 24mm (wide), 1/1.3"", 0.6µm, multi-directional PDAF, Laser AF, OIS 10 MP, f/4.9, 230mm (periscope telephoto), 1/3.52"", 1.12µm, Dual Pixel PDAF, OIS, 10x optical zoom 10 MP, f/2.4, 70mm (telephoto), 1/3.52"", 1.12µm, Dual Pixel PDAF, OIS, 3x optical zoom 12 MP, f/2.2, 13mm, 120˚ (ultrawide), 1/2.55"", 1.4µm, Dual Pixel PDAF, Super Steady video",,,,,,
11251,Samsung,Galaxy S22 Ultra 5G,GSM / CDMA / HSPA / EVDO / LTE / 5G,GSM 850 / 900 / 1800 / 1900 - SIM 1 & SIM 2 (Dual SIM model only),HSDPA 850 / 900 / 1700(AWS) / 1900 / 2100,"1, 2, 3, 4, 5, 7, 8, 12, 13, 17, 18, 19, 20, 25, 26, 28, 32, 38, 39, 40, 41, 66 - International","1, 2, 3, 5, 7, 8, 12, 20, 25, 28, 38, 40, 41, 66, 75, 77, 78 SA/NSA/Sub6 - International","HSPA 42.2/5.76 Mbps, LTE-A (7CA) Cat20 2000/200 Mbps, 5G (5+ Gbps DL)","2022, February 09","Available. Released 2022, February 25",163.3 x 77.9 x 8.9 mm (6.43 x 3.07 x 0.35 in),228 g / 229 g (mmWave) (8.04 oz),"Glass front (Gorilla Glass Victus+), glass back (Gorilla Glass Victus+), aluminum frame","Nano-SIM and eSIM or Dual SIM (2 Nano-SIMs and eSIM, dual stand-by)","Dynamic AMOLED 2X, 120Hz, HDR10+, 1750 nits (peak)","6.8 inches, 114.7 cm2 (~90.2% screen-to-body ratio)","1440 x 3088 pixels, 19.3:9 ratio (~500 ppi density)",Corning Gorilla Glass Victus+,"Android 12, upgradable to Android 13, One UI 5.1",Exynos 2200 (4 nm) - Europe Qualcomm SM8450 Snapdragon 8 Gen 1 (4 nm) - ROW,Octa-core (1x2.8 GHz Cortex-X2 & 3x2.50 GHz Cortex-A710 & 4x1.8 GHz Cortex-A510) - Europe Octa-core (1x3.00 GHz Cortex-X2 & 3x2.50 GHz Cortex-A710 & 4x1.80 GHz Cortex-A510) - ROW,Xclipse 920 - Europe Adreno 730 - ROW,No,"128GB 8GB RAM, 256GB 12GB RAM, 512GB 12GB RAM, 1TB 12GB RAM",,"LED flash, auto-HDR, panorama","8K@24fps, 4K@30/60fps, 1080p@30/60/240fps, 720p@960fps, HDR10+, stereo sound rec., gyro-EIS","40 MP, f/2.2, 26mm (wide), 1/2.82"", 0.7µm, PDAF","Dual video call, Auto-HDR","4K@30/60fps, 1080p@30fps","Yes, with stereo speakers",No,"Wi-Fi 802.11 a/b/g/n/ac/6e, dual-band, Wi-Fi Direct","5.2, A2DP, LE","GPS, GLONASS, BDS, GALILEO",Yes,No,"USB Type-C 3.2, OTG","Fingerprint (under display, ultrasonic), accelerometer, gyro, proximity, compass, barometer","Li-Ion 5000 mAh, non-removable","45W wired, PD3.0 15W wireless (Qi/PMA) 4.5W reverse wireless","Phantom Black, White, Burgundy, Green, Graphite, Red, Sky Blue, Bora Purple","SM-S908B, SM-S908B/DS, SM-S908U, SM-S908U1, SM-S908W, SM-S908N, SM-S9080, SM-S908E, SM-S908E/DS",1.18 W/kg (head) 0.98 W/kg (body),"108 MP, f/1.8, 23mm (wide), 1/1.33"", 0.8µm, PDAF, Laser AF, OIS 10 MP, f/4.9, 230mm (periscope telephoto), 1/3.52"", 1.12µm, dual pixel PDAF, OIS, 10x optical zoom 10 MP, f/2.4, 70mm (telephoto), 1/3.52"", 1.12µm, dual pixel PDAF, OIS, 3x optical zoom 12 MP, f/2.2, 13mm, 120˚ (ultrawide), 1/2.55"", 1.4µm, dual pixel PDAF, Super Steady video",,,,,,
11253,Samsung,Galaxy S22 5G,GSM / CDMA / HSPA / EVDO / LTE / 5G,GSM 850 / 900 / 1800 / 1900 - SIM 1 & SIM 2 (Dual SIM model only),HSDPA 850 / 900 / 1700(AWS) / 1900 / 2100,"1, 2, 3, 4, 5, 7, 8, 12, 13, 17, 18, 19, 20, 25, 26, 28, 32, 38, 39, 40, 41, 66 - International","1, 2, 3, 5, 7, 8, 12, 20, 25, 28, 38, 40, 41, 66, 75, 77, 78 SA/NSA/Sub6 - International","HSPA 42.2/5.76 Mbps, LTE-A (7CA) Cat20 2000/200 Mbps, 5G (5+ Gbps DL)","2022, February 09","Available. Released 2022, February 25",146 x 70.6 x 7.6 mm (5.75 x 2.78 x 0.30 in),167 g / 168 g (mmWave) (5.89 oz),"Glass front (Gorilla Glass Victus+), glass back (Gorilla Glass Victus+), aluminum frame","Nano-SIM and eSIM or Dual SIM (2 Nano-SIMs and eSIM, dual stand-by)","Dynamic AMOLED 2X, 120Hz, HDR10+, 1300 nits (peak)","6.1 inches, 90.1 cm2 (~87.4% screen-to-body ratio)","1080 x 2340 pixels, 19.5:9 ratio (~425 ppi density)",Corning Gorilla Glass Victus+,"Android 12, upgradable to Android 13, One UI 5.1",Exynos 2200 (4 nm) - Europe Qualcomm SM8450 Snapdragon 8 Gen 1 (4 nm) - ROW,Octa-core (1x2.8 GHz Cortex-X2 & 3x2.50 GHz Cortex-A710 & 4x1.8 GHz Cortex-A510) - Europe Octa-core (1x3.00 GHz Cortex-X2 & 3x2.50 GHz Cortex-A710 & 4x1.80 GHz Cortex-A510) - ROW,Xclipse 920 - Europe Adreno 730 - ROW,No,"128GB 8GB RAM, 256GB 8GB RAM","50 MP, f/1.8, 23mm (wide), 1/1.56"", 1.0µm, Dual Pixel PDAF, OIS 10 MP, f/2.4, 70mm (telephoto), 1/3.94"", 1.0µm, PDAF, OIS, 3x optical zoom 12 MP, f/2.2, 13mm, 120˚ (ultrawide), 1/2.55"" 1.4µm, Super Steady video","LED flash, auto-HDR, panorama","8K@24fps, 4K@30/60fps, 1080p@30/60/240fps, 720p@960fps, HDR10+, stereo sound rec., gyro-EIS","10 MP, f/2.2, 26mm (wide), 1/3.24"", 1.22µm, Dual Pixel PDAF","Dual video call, Auto-HDR","4K@30/60fps, 1080p@30fps","Yes, with stereo speakers",No,"Wi-Fi 802.11 a/b/g/n/ac/6, dual-band, Wi-Fi Direct","5.2, A2DP, LE","GPS, GLONASS, BDS, GALILEO",Yes,No,"USB Type-C 3.2, OTG","Fingerprint (under display, ultrasonic), accelerometer, gyro, proximity, compass, barometer","Li-Ion 3700 mAh, non-removable","25W wired, PD3.0 15W wireless (Qi/PMA) 4.5W reverse wireless","Phantom Black, White, Pink Gold, Green, Graphite, Sky Blue, Violet, Cream, Bora Purple","SM-S901B, SM-S901B/DS, SM-S901U, SM-S901U1, SM-S901W, SM-S901N, SM-S9010, SM-S901E, SM-S901E/DS",1.03 W/kg (head) 1.15 W/kg (body),,,,,,,
12082,Samsung,Galaxy S23,GSM / CDMA / HSPA / EVDO / LTE / 5G,GSM 850 / 900 / 1800 / 1900 - SIM 1 & SIM 2 (Dual SIM model only),HSDPA 850 / 900 / 1700(AWS) / 1900 / 2100,"1, 2, 3, 4, 5, 7, 8, 12, 13, 17, 18, 19, 20, 25, 26, 28, 32, 38, 39, 40, 41, 66 - International","1, 2, 3, 5, 7, 8, 12, 20, 25, 28, 38, 40, 41, 66, 75, 77, 78 SA/NSA/Sub6 - International","HSPA, LTE-A (up to 7CA), 5G","2023, February 01","Available. Released 2023, February 17",146.3 x 70.9 x 7.6 mm (5.76 x 2.79 x 0.30 in),168 g (5.93 oz),"Glass front (Gorilla Glass Victus 2), glass back (Gorilla Glass Victus 2), aluminum frame","Nano-SIM and eSIM or Dual SIM (2 Nano-SIMs and eSIM, dual stand-by)","Dynamic AMOLED 2X, 120Hz, HDR10+, 1200 nits (HBM), 1750 nits (peak)","6.1 inches, 90.1 cm2 (~86.8% screen-to-body ratio)","1080 x 2340 pixels, 19.5:9 ratio (~425 ppi density)",Corning Gorilla Glass Victus 2,"Android 13, One UI 5.1",Qualcomm SM8550-AC Snapdragon 8 Gen 2 (4 nm),Octa-core (1x3.36 GHz Cortex-X3 & 2x2.8 GHz Cortex-A715 & 2x2.8 GHz Cortex-A710 & 3x2.0 GHz Cortex-A510),Adreno 740,No,"128GB 8GB RAM, 256GB 8GB RAM, 512GB 8GB RAM","50 MP, f/1.8, 24mm (wide), 1/1.56"", 1.0µm, Dual Pixel PDAF, OIS 10 MP, f/2.4, 70mm (telephoto), 1/3.94"", 1.0µm, PDAF, OIS, 3x optical zoom 12 MP, f/2.2, 13mm, 120˚ (ultrawide), 1/2.55"" 1.4µm, Super Steady video","LED flash, auto-HDR, panorama","8K@24/30fps, 4K@30/60fps, 1080p@30/60/240fps, 1080p@960fps, HDR10+, stereo sound rec., gyro-EIS","12 MP, f/2.2, 26mm (wide), Dual Pixel PDAF","Dual video call, Auto-HDR, HDR10+","4K@30/60fps, 1080p@30fps","Yes, with stereo speakers",No,"Wi-Fi 802.11 a/b/g/n/ac/6e, tri-band, Wi-Fi Direct","5.3, A2DP, LE","GPS, GLONASS, BDS, GALILEO",Yes,No,"USB Type-C 3.2, OTG","Fingerprint (under display, ultrasonic), accelerometer, gyro, proximity, compass, barometer","Li-Ion 3900 mAh, non-removable","25W wired, PD3.0, 50% in 30 min (advertised) 15W wireless (Qi/PMA) 4.5W reverse wireless","Phantom Black, Cream, Green, Lavender, Graphite, Lime","SM-S911B, SM-S911B/DS, SM-S911U, SM-S911U1, SM-S911W, SM-S911N, SM-S9110, SM-S911E, SM-S911E/DS",0.95 W/kg (head) 0.88 W/kg (body),,,,,,,
12074,Samsung,Galaxy A34,GSM / HSPA / LTE / 5G,GSM 850 / 900 / 1800 / 1900 - SIM 1 & SIM 2 (dual-SIM model only),HSDPA 850 / 900 / 1700(AWS) / 1900 / 2100,"1, 2, 3, 4, 5, 7, 8, 12, 17, 20, 26, 28, 32, 38, 40, 41, 66","1, 3, 7, 8, 20, 28, 38, 40, 41, 77, 78 SA/NSA/Sub6","HSPA, LTE-A, 5G","2023, March 14","Available. Released 2023, March 24",161.3 x 78.1 x 8.2 mm (6.35 x 3.07 x 0.32 in),199 g (7.02 oz),"Glass front (Gorilla Glass 5), plastic frame, plastic back","Single SIM (Nano-SIM) or Hybrid Dual SIM (Nano-SIM, dual stand-by)","Super AMOLED, 120Hz, 1000 nits (HBM)","6.6 inches, 106.9 cm2 (~84.9% screen-to-body ratio)","1080 x 2340 pixels, 19.5:9 ratio (~390 ppi density)",Corning Gorilla Glass 5,"Android 13, One UI 5.1",Mediatek MT6877V Dimensity 1080 (6 nm),Octa-core (2x2.6 GHz Cortex-A78 & 6x2.0 GHz Cortex-A55),Mali-G68 MC4,microSDXC (uses shared SIM slot),"128GB 6GB RAM, 128GB 8GB RAM, 256GB 8GB RAM","48 MP, f/1.8, 26mm (wide), 1/2.0"", 0.8µm, PDAF, OIS 8 MP, f/2.2, 123˚, (ultrawide), 1/4.0"", 1.12µm 5 MP, f/2.4, (macro)","LED flash, panorama, HDR","4K@30fps, 1080p@30/60fps, 720p@480fps","13 MP, f/2.2, (wide), 1/3.1"", 1.12µm",,"4K@30fps, 1080p@30fps","Yes, with stereo speakers",No,"Wi-Fi 802.11 a/b/g/n/ac, dual-band, Wi-Fi Direct","5.3, A2DP, LE","GPS, GLONASS, GALILEO, BDS",Yes (market/region dependent),No,"USB Type-C 2.0, OTG","Fingerprint (under display, optical), accelerometer, gyro, compass","Li-Po 5000 mAh, non-removable",25W wired,"Lime, Graphite, Violet, Silver","SM-A346E, SM-A346B, SM-A346B/DS, SM-A346B/DSN, SM-A346E/DS, SM-A346E/DSN, SM-A346M, SM-A346M/N, SM-A346M/DSN, SM-A3460",,,0.55 W/kg (head) 1.49 W/kg (body),,,,,
11290,Samsung,Galaxy M34 5G,GSM / HSPA / LTE / 5G,GSM 850 / 900 / 1800 / 1900 - SIM 1 & SIM 2,HSDPA 850 / 900 / 1700(AWS) / 1900 / 2100,"1, 2, 3, 4, 5, 7, 8, 12, 17, 20, 26, 28, 38, 40, 41, 66","1, 3, 5, 7, 8, 28, 38, 40, 41, 66, 78 SA/NSA/Sub6","HSPA, LTE-A, 5G","2023, July 03","Available. Released 2023, July 15",161.7 x 77.2 x 8.8 mm (6.37 x 3.04 x 0.35 in),208 g (7.34 oz),,"Hybrid Dual SIM (Nano-SIM, dual stand-by)","Super AMOLED, 120Hz, 1000 nits (peak)","6.5 inches, 103.7 cm2 (~83.1% screen-to-body ratio)","1080 x 2340 pixels, 19.5:9 ratio (~396 ppi density)",Corning Gorilla Glass 5,"Android 13, One UI 5.1",Exynos 1280 (5 nm),Octa-core (2x2.4 GHz Cortex-A78 & 6x2.0 GHz Cortex-A55),Mali-G68,microSDXC (uses shared SIM slot),"128GB 6GB RAM, 128GB 8GB RAM","50 MP, f/1.8, (wide), PDAF, OIS 8 MP, f/2.2, 120˚ (ultrawide) 2 MP, f/2.4","LED flash, panorama, HDR","4K@30fps, 1080p@30fps","13 MP, f/2.2, (wide)",,1080p@30fps,Yes,Yes,"Wi-Fi 802.11 a/b/g/n/ac, dual-band, Wi-Fi Direct","5.3, A2DP, LE","GPS, GLONASS, GALILEO, BDS",Yes,Unspecified,"USB Type-C 2.0, OTG","Fingerprint (side-mounted), accelerometer, gyro, compass","Li-Po 6000 mAh, non-removable",25W wired,"Midnight Blue, Prism Silver, Waterfall Blue","SM-M346B, SM-M346B/DS",0.89 W/kg (head),,,,,,,
12151,Samsung,Galaxy A14,GSM / HSPA / LTE,GSM 850 / 900 / 1800 / 1900 - SIM 1 & SIM 2 (dual sim model only),HSDPA 850 / 900 / 2100,"1, 3, 5, 7, 8, 20, 28, 38, 40, 41",,"HSPA, LTE","2023, February 28","Available. Released 2023, March 27",167.7 x 78 x 9.1 mm (6.60 x 3.07 x 0.36 in),201 g (7.09 oz),"Glass front, plastic back, plastic frame","Single SIM (Nano-SIM) or Dual SIM (Nano-SIM, dual stand-by)",PLS LCD,"6.6 inches, 104.9 cm2 (~80.2% screen-to-body ratio)","1080 x 2408 pixels, 20:9 ratio (~400 ppi density)",,"Android 13, One UI Core 5",Mediatek MT6769 Helio G80 (12 nm) - Version A Exynos 850 (8nm) - Version B,Octa-core (2x2.0 GHz Cortex-A75 & 6x1.8 GHz Cortex-A55) - Version A Octa-core (4x2.0 GHz Cortex-A55 & 4x2.0 GHz Cortex-A55) - Version B,Mali-G52 MC2,microSDXC (dedicated slot),"64GB 4GB RAM, 128GB 4GB RAM, 128GB 6GB RAM","50 MP, f/1.8, (wide), PDAF 5 MP, f/2.2, (ultrawide) 2 MP, f/2.4, (macro)","LED flash, panorama, HDR",1080p@30fps,"13 MP, f/2.0, (wide)",,1080p@30fps,Yes,Yes,"Wi-Fi 802.11 a/b/g/n/ac, dual-band, Wi-Fi Direct","5.1 or 5.3, A2DP, LE","GPS, GALILEO, GLONASS, BDS, QZSS",Yes (market/region dependent),Unspecified,USB Type-C 2.0,"Fingerprint (side-mounted), accelerometer, proximity, compass","Li-Po 5000 mAh, non-removable",15W wired,"Black, Dark Red, Silver, Green","SM-A145F, SM-A145F/DSN, SM-A145M, SM-A145M/DS, SM-A145P, SM-A145R",,,0.46 W/kg (head) 1.37 W/kg (body),,,,,
11402,Samsung,Galaxy A13,GSM / HSPA / LTE,GSM 850 / 900 / 1800 / 1900 - SIM 1 & SIM 2 (dual-SIM only),HSDPA 850 / 900 / 2100,"1, 3, 5, 7, 8, 20, 28, 38, 40, 41",,"HSPA, LTE-A","2022, March 04","Available. Released 2022, March 23",165.1 x 76.4 x 8.8 mm (6.5 x 3.01 x 0.35 in),195 g (6.88 oz),"Glass front (Gorilla Glass 5), plastic frame, plastic back","Single SIM (Nano-SIM) or Dual SIM (Nano-SIM, dual stand-by)",PLS LCD,"6.6 inches, 104.9 cm2 (~83.2% screen-to-body ratio)","1080 x 2408 pixels, 20:9 ratio (~400 ppi density)",Corning Gorilla Glass 5,"Android 12, upgradable to Android 13, One UI 5.1",Exynos 850 (8nm),Octa-core (4x2.0 GHz Cortex-A55 & 4x2.0 GHz Cortex-A55),Mali-G52,microSDXC (dedicated slot),"32GB 3GB RAM, 32GB 4GB RAM, 64GB 4GB RAM, 128GB 4GB RAM, 128GB 6GB RAM",,"LED flash, panorama, HDR",1080p@30fps,"8 MP, f/2.2, (wide)",,1080p@30fps,Yes,Yes,"Wi-Fi 802.11 a/b/g/n/ac, dual-band, Wi-Fi Direct","5.0, A2DP, LE","GPS, GLONASS, GALILEO, BDS",Yes (market/region dependent),No,"USB Type-C 2.0, OTG","Fingerprint (side-mounted), accelerometer, compass","Li-Po 5000 mAh, non-removable",15W wired,"Black, White, Peach, Blue","SM-A135F, SM-A135F/DS, SM-A135M, SM-A135U, SM-A135U1, SM-A135N",0.49 W/kg (head),"50 MP, f/1.8, (wide), PDAF 5 MP, f/2.2, 123˚ (ultrawide), 1/5"", 1.12µm 2 MP, f/2.4, (macro) 2 MP, f/2.4, (depth)",,,,,,
12548,Apple,iPhone 15 Pro Max,GSM / CDMA / HSPA / EVDO / LTE / 5G,GSM 850 / 900 / 1800 / 1900 - SIM 1 & SIM 2 (dual-SIM),HSDPA 850 / 900 / 1700(AWS) / 1900 / 2100,"1, 2, 3, 4, 5, 7, 8, 12, 13, 17, 18, 19, 20, 25, 26, 28, 30, 32, 34, 38, 39, 40, 41, 42, 46, 48, 53, 66 - A3106","1, 2, 3, 5, 7, 8, 12, 20, 25, 26, 28, 30, 38, 40, 41, 48, 53, 66, 70, 77, 78, 79 SA/NSA/Sub6 - A3106","HSPA, LTE-A, 5G, EV-DO Rev.A 3.1 Mbps","2023, September 12","Available. Released 2023, September 22",159.9 x 76.7 x 8.3 mm (6.30 x 3.02 x 0.33 in),221 g (7.80 oz),"Glass front (Corning-made glass), glass back (Corning-made glass), titanium frame (grade 5)","Nano-SIM and eSIM - International  Dual eSIM with multiple numbers - USA  Dual SIM (Nano-SIM, dual stand-by) - China","LTPO Super Retina XDR OLED, 120Hz, HDR10, Dolby Vision, 1000 nits (typ), 2000 nits (HBM)","6.7 inches, 110.2 cm2 (~89.8% screen-to-body ratio)","1290 x 2796 pixels, 19.5:9 ratio (~460 ppi density)",Ceramic Shield glass,"iOS 17, upgradable to iOS 17.0.3",Apple A17 Pro (3 nm),Hexa-core (2x3.78 GHz + 4x2.11 GHz),Apple GPU (6-core graphics),No,"256GB 8GB RAM, 512GB 8GB RAM, 1TB 8GB RAM","48 MP, f/1.8, 24mm (wide), 1/1.28"", 1.22µm, dual pixel PDAF, sensor-shift OIS 12 MP, f/2.8, 120mm (periscope telephoto), 1/3.06"", 1.12µm, dual pixel PDAF, 3D sensor‑shift OIS, 5x optical zoom 12 MP, f/2.2, 13mm, 120˚ (ultrawide), 1/2.55"", 1.4µm, dual pixel PDAF TOF 3D LiDAR scanner (depth)","Dual-LED dual-tone flash, HDR (photo/panorama)","4K@24/25/30/60fps, 1080p@25/30/60/120/240fps, 10-bit HDR, Dolby Vision HDR (up to 60fps), ProRes, Cinematic mode (4K@24/30fps), 3D (spatial) video, stereo sound rec.","12 MP, f/1.9, 23mm (wide), 1/3.6"", PDAF, OIS SL 3D, (depth/biometrics sensor)","HDR, Cinematic mode (4K@24/30fps)","4K@24/25/30/60fps, 1080p@25/30/60/120fps, gyro-EIS","Yes, with stereo speakers",No,"Wi-Fi 802.11 a/b/g/n/ac/6e, dual-band, hotspot","5.3, A2DP, LE","GPS (L1+L5), GLONASS, GALILEO, BDS, QZSS, NavIC",Yes,No,"USB Type-C 3.2 Gen 2, DisplayPort","Face ID, accelerometer, gyro, proximity, compass, barometer","Li-Ion 4441 mAh, non-removable","25W wired, 50% in 30 min (advertised) 15W wireless (MagSafe) 7.5W wireless (Qi) 4.5W reverse wired","Black Titanium, White Titanium, Blue Titanium, Natural Titanium","A2849, A3105, A3106, A3108, iPhone16,2",1.07 W/kg (head) 1.11 W/kg (body),,,,,,,
9848,Apple,iPhone 11,GSM / CDMA / HSPA / EVDO / LTE,GSM 850 / 900 / 1800 / 1900 - SIM 1 & SIM 2 (dual-SIM) - for China,HSDPA 850 / 900 / 1700(AWS) / 1900 / 2100,"1, 2, 3, 4, 5, 7, 8, 11, 12, 13, 17, 18, 19, 20, 21, 25, 26, 28, 29, 30, 32, 34, 38, 39, 40, 41, 42, 46, 48, 66 - A2221",,"HSPA 42.2/5.76 Mbps, LTE-A (CA) Cat16 1024/150 Mbps, EV-DO Rev.A 3.1 Mbps","2019, September 10","Available. Released 2019, September 20",150.9 x 75.7 x 8.3 mm (5.94 x 2.98 x 0.33 in),194 g (6.84 oz),"Glass front (Corning-made glass), glass back (Corning-made glass), aluminum frame (7000 series)","Nano-SIM and eSIM or Dual SIM (Nano-SIM, dual stand-by) - for China","Liquid Retina IPS LCD, 625 nits (typ)","6.1 inches, 90.3 cm2 (~79.0% screen-to-body ratio)","828 x 1792 pixels, 19.5:9 ratio (~326 ppi density)",Scratch-resistant glass,"iOS 13, upgradable to iOS 17.0.3",Apple A13 Bionic (7 nm+),Hexa-core (2x2.65 GHz Lightning + 4x1.8 GHz Thunder),Apple GPU (4-core graphics),No,"64GB 4GB RAM, 128GB 4GB RAM, 256GB 4GB RAM",,"Dual-LED dual-tone flash, HDR (photo/panorama)","4K@24/30/60fps, 1080p@30/60/120/240fps, HDR, stereo sound rec.","12 MP, f/2.2, 23mm (wide), 1/3.6"" SL 3D, (depth/biometrics sensor)",HDR,"4K@24/30/60fps, 1080p@30/60/120fps, gyro-EIS","Yes, with stereo speakers",No,"Wi-Fi 802.11 a/b/g/n/ac/6, dual-band, hotspot","5.0, A2DP, LE","GPS, GLONASS, GALILEO, QZSS",Yes,No,"Lightning, USB 2.0","Face ID, accelerometer, gyro, proximity, compass, barometer","Li-Ion 3110 mAh, non-removable (11.91 Wh)","Wired, PD2.0, 50% in 30 min (advertised) Wireless (Qi)","Black, Green, Yellow, Purple, Red, White","A2221, A2111, A2223, iPhone12,1",1.09 W/kg (head) 1.18 W/kg (body),,,"12 MP, f/1.8, 26mm (wide), 1/2.55"", 1.4µm, dual pixel PDAF, OIS 12 MP, f/2.4, 120˚, 13mm (ultrawide), 1/3.6""",,,,
10509,Apple,iPhone 12,GSM / CDMA / HSPA / EVDO / LTE / 5G,GSM 850 / 900 / 1800 / 1900 - SIM 1 & SIM 2 (dual-SIM) - for China,HSDPA 850 / 900 / 1700(AWS) / 1900 / 2100,"1, 2, 3, 4, 5, 7, 8, 12, 13, 14, 17, 18, 19, 20, 25, 26, 28, 29, 30, 32, 34, 38, 39, 40, 41, 42, 46, 48, 66, 71 - A2172","1, 2, 3, 5, 7, 8, 12, 20, 25, 28, 38, 40, 41, 66, 71, 77, 78, 79, 260, 261 Sub6/mmWave - A2172","HSPA, LTE-A, 5G, EV-DO Rev.A 3.1 Mbps","2020, October 13","Available. Released 2020, October 23",146.7 x 71.5 x 7.4 mm (5.78 x 2.81 x 0.29 in),164 g (5.78 oz),"Glass front (Corning-made glass), glass back (Corning-made glass), aluminum frame","Nano-SIM and eSIM or Dual SIM (Nano-SIM, dual stand-by) - for China","Super Retina XDR OLED, HDR10, Dolby Vision, 625 nits (HBM), 1200 nits (peak)","6.1 inches, 90.2 cm2 (~86.0% screen-to-body ratio)","1170 x 2532 pixels, 19.5:9 ratio (~460 ppi density)",Ceramic Shield glass,"iOS 14.1, upgradable to iOS 17.0.3",Apple A14 Bionic (5 nm),Hexa-core (2x3.1 GHz Firestorm + 4x1.8 GHz Icestorm),Apple GPU (4-core graphics),No,"64GB 4GB RAM, 128GB 4GB RAM, 256GB 4GB RAM",,"Dual-LED dual-tone flash, HDR (photo/panorama)","4K@24/30/60fps, 1080p@30/60/120/240fps, HDR, Dolby Vision HDR (up to 30fps), stereo sound rec.","12 MP, f/2.2, 23mm (wide), 1/3.6"" SL 3D, (depth/biometrics sensor)",HDR,"4K@24/30/60fps, 1080p@30/60/120fps, gyro-EIS","Yes, with stereo speakers",No,"Wi-Fi 802.11 a/b/g/n/ac/6, dual-band, hotspot","5.0, A2DP, LE","GPS, GLONASS, GALILEO, QZSS",Yes,No,"Lightning, USB 2.0","Face ID, accelerometer, gyro, proximity, compass, barometer","Li-Ion 2815 mAh, non-removable (10.78 Wh)","Wired, PD2.0, 50% in 30 min (advertised) 15W wireless (MagSafe) 7.5W wireless (Qi)","Black, White, Red, Green, Blue, Purple","A2403, A2172, A2402, A2404, iPhone13,2",,,0.99 W/kg (head) 0.99 W/kg (body),"12 MP, f/1.6, 26mm (wide), 1.4µm, dual pixel PDAF, OIS 12 MP, f/2.4, 13mm, 120˚ (ultrawide), 1/3.6""",,,,
11103,Apple,iPhone 13,GSM / CDMA / HSPA / EVDO / LTE / 5G,GSM 850 / 900 / 1800 / 1900 - SIM 1 & SIM 2 (dual-SIM),HSDPA 850 / 900 / 1700(AWS) / 1900 / 2100,"1, 2, 3, 4, 5, 7, 8, 12, 13, 17, 18, 19, 20, 25, 26, 28, 30, 32, 34, 38, 39, 40, 41, 42, 46, 48, 66 - A2633, A2634, A2635","1, 2, 3, 5, 7, 8, 12, 20, 25, 28, 29, 30, 38, 40, 41, 48, 66, 71, 77, 78, 79 Sub6/mmWave - A2633","HSPA, LTE-A, 5G, EV-DO Rev.A 3.1 Mbps","2021, September 14","Available. Released 2021, September 24",146.7 x 71.5 x 7.7 mm (5.78 x 2.81 x 0.30 in),174 g (6.14 oz),"Glass front (Corning-made glass), glass back (Corning-made glass), aluminum frame","Nano-SIM and eSIM or Dual SIM (Nano-SIM, dual stand-by)","Super Retina XDR OLED, HDR10, Dolby Vision, 800 nits (HBM), 1200 nits (peak)","6.1 inches, 90.2 cm2 (~86.0% screen-to-body ratio)","1170 x 2532 pixels, 19.5:9 ratio (~460 ppi density)",Ceramic Shield glass,"iOS 15, upgradable to iOS 17.0.3",Apple A15 Bionic (5 nm),Hexa-core (2x3.23 GHz Avalanche + 4x1.82 GHz Blizzard),Apple GPU (4-core graphics),No,"128GB 4GB RAM, 256GB 4GB RAM, 512GB 4GB RAM",,"Dual-LED dual-tone flash, HDR (photo/panorama)","4K@24/30/60fps, 1080p@30/60/120/240fps, HDR, Dolby Vision HDR (up to 60fps), stereo sound rec.","12 MP, f/2.2, 23mm (wide), 1/3.6"" SL 3D, (depth/biometrics sensor)",HDR,"4K@24/25/30/60fps, 1080p@30/60/120fps, gyro-EIS","Yes, with stereo speakers",No,"Wi-Fi 802.11 a/b/g/n/ac/6, dual-band, hotspot","5.0, A2DP, LE","GPS, GLONASS, GALILEO, BDS, QZSS",Yes,No,"Lightning, USB 2.0","Face ID, accelerometer, gyro, proximity, compass, barometer","Li-Ion 3240 mAh, non-removable (12.41 Wh)","Wired, PD2.0, 50% in 30 min (advertised) 15W wireless (MagSafe) 7.5W wireless (Qi)","Starlight, Midnight, Blue, Pink, Red, Green","A2633, A2482, A2631, A2634, A2635, iphone14,5",1.18 W/kg (head) 1.19 W/kg (body),,,"12 MP, f/1.6, 26mm (wide), 1.7µm, dual pixel PDAF, sensor-shift OIS 12 MP, f/2.4, 120˚, 13mm (ultrawide)",,,,
11915,OnePlus,11R,GSM / CDMA / HSPA / LTE / 5G,GSM 850 / 900 / 1800 / 1900 - SIM 1 & SIM 2,HSDPA 850 / 900 / 1700(AWS) / 2100,"1, 3, 4, 5, 8, 28, 34, 38, 39, 40, 41","1, 3, 5, 8, 28, 40, 41, 77, 78 SA/NSA","HSPA, LTE-A (3CA), 5G","2023, February 07","Available. Released 2023, February 21",163.4 x 74.3 x 8.7 mm (6.43 x 2.93 x 0.34 in),204 g (7.20 oz),"Glass front, glass back (Gorilla Glass 5), plastic frame","Dual SIM (Nano-SIM, dual stand-by)","Fluid AMOLED, 1B colors, 120Hz, HDR10+, 1450 nits (peak)","6.74 inches, 109.2 cm2 (~90.0% screen-to-body ratio)","1240 x 2772 pixels, 20:9 ratio (~451 ppi density)",,"Android 13, OxygenOS 13",Qualcomm SM8475 Snapdragon 8+ Gen 1 (4 nm),Octa-core (1x3.19 GHz Cortex-X2 & 3x2.75 GHz Cortex-A710 & 4x1.80 GHz Cortex-A510),Adreno 730,No,"128GB 8GB RAM, 256GB 16GB RAM, 512GB 18GB RAM","50 MP, f/1.8, 24mm (wide), 1/1.56"", 1.0µm, multi-directional PDAF, OIS 8 MP, f/2.2, 120˚ (ultrawide), 1/4.0"", 1.12µm 2 MP, f/2.4, (macro)","LED flash, HDR, panorama","4K@30/60fps, 1080p@30/60/240fps, gyro-EIS","16 MP, f/2.4, 24mm (wide), 1/3.09"", 1.0µm",HDR,1080p@30fps,"Yes, with stereo speakers",No,"Wi-Fi 802.11 a/b/g/n/ac/6, dual-band","5.3, A2DP, LE, aptX HD","GPS (L1+L5), GLONASS (G1), BDS (B1I+B1c+B2a), GALILEO (E1+E5a), QZSS (L1+L5)",Yes,No,USB Type-C 2.0,"Fingerprint (under display, optical), accelerometer, gyro, proximity, compass, color spectrum","Li-Po 5000 mAh, non-removable",100W wired,"Galactic Silver, Sonic Black, Solar Red",CPH2487,,,,,Yes,"₹ 39,999",,
11893,OnePlus,11,GSM / CDMA / HSPA / EVDO / LTE / 5G,GSM 850 / 900 / 1800 / 1900 - SIM 1 & SIM 2 (dual-SIM model only),HSDPA 800 / 850 / 900 / 1700(AWS) / 1900 / 2100,"1, 2, 3, 4, 5, 7, 8, 12, 13, 17, 18, 19, 20, 25, 26, 28, 30, 32, 38, 39, 41, 40, 46, 48, 66, 71 - International","1, 2, 3, 5, 7, 8, 20, 25, 28, 30, 38, 40, 41, 66, 71, 75, 77, 78 SA/NSA - International","HSPA, LTE-A (CA), 5G","2023, January 04","Available. Released 2023, January 09",163.1 x 74.1 x 8.5 mm (6.42 x 2.92 x 0.33 in),205 g (7.23 oz),"Glass front (Gorilla Glass Victus), glass back (Gorilla Glass 5), aluminum frame","Single SIM (Nano-SIM) or Dual SIM (2x Nano-SIM, eSIM, dual stand-by)","LTPO3 Fluid AMOLED, 1B colors, 120Hz, Dolby Vision, HDR10+, 500 nits (typ), 800 nits (HBM), 1300 nits (peak)","6.7 inches, 108.4 cm2 (~89.7% screen-to-body ratio)","1440 x 3216 pixels, 20:9 ratio (~525 ppi density)",Corning Gorilla Glass Victus,"Android 13, OxygenOS 13 (International), ColorOS 13 (China)",Qualcomm SM8550-AB Snapdragon 8 Gen 2 (4 nm),Octa-core (1x3.2 GHz Cortex-X3 & 2x2.8 GHz Cortex-A715 & 2x2.8 GHz Cortex-A710 & 3x2.0 GHz Cortex-A510),Adreno 740,No,"128GB 8GB RAM, 256GB 12GB RAM, 256GB 16GB RAM, 512GB 16GB RAM","50 MP, f/1.8, 24mm (wide), 1/1.56"", 1.0µm, multi-directional PDAF, OIS 32 MP, f/2.0, 48mm (telephoto), 1/2.74"", PDAF, 2x optical zoom 48 MP, f/2.2, 115˚, (ultrawide), 1/2.0"", AF","Hasselblad Color Calibration, Dual-LED flash, HDR, panorama","8K@24fps, 4K@30/60fps, 1080p@30/60/240fps, Auto HDR, gyro-EIS","16 MP, f/2.5, 25mm (wide), 1.0µm","Auto-HDR, panorama","1080p@30fps, gyro-EIS","Yes, with stereo speakers",No,"Wi-Fi 802.11 a/b/g/n/ac/6/7, dual-band, Wi-Fi Direct","5.3, A2DP, LE, aptX HD","GPS (L1+L5), GLONASS (G1), BDS (B1I+B1c+B2a), GALILEO (E1+E5a), QZSS (L1+L5)","Yes, eSE, HCE",No,"USB Type-C 2.0, OTG","Fingerprint (under display, optical), accelerometer, gyro, proximity, compass, color spectrum","Li-Po 5000 mAh, non-removable","100W wired, PD, 1-50% in 10 min, 1-100% in 25 min (advertised) - International 80W wired, PD - USA","Titan Black, Eternal Green, Jupiter Rock","PHB110, CPH2449, CPH2447, CPH2451",,,,,,"$ 599.99 / € 715.00 / £ 633.70 / ₹ 56,998",,
10289,OnePlus,Nord,GSM / HSPA / LTE / 5G,GSM 850 / 900 / 1800 / 1900 - SIM 1 & SIM 2,HSDPA 800 / 850 / 900 / 1700(AWS) / 1800 / 1900 / 2100,"1, 2, 3, 4, 5, 7, 8, 12, 17, 18, 19, 20, 26, 28, 32, 34, 38, 39, 40, 41, 66 - Europe","1, 3, 7, 28, 78 SA/NSA - Europe","HSPA 42.2/5.76 Mbps, LTE-A (CA) Cat18 1200/150 Mbps, 5G","2020, July 21","Available. Released 2020, August 04",158.3 x 73.3 x 8.2 mm (6.23 x 2.89 x 0.32 in),184 g (6.49 oz),"Glass front (Gorilla Glass 5), glass back (Gorilla Glass 5), plastic frame","Dual SIM (Nano-SIM, dual stand-by)","Fluid AMOLED, 90Hz, HDR10+","6.44 inches, 100.6 cm2 (~86.7% screen-to-body ratio)","1080 x 2400 pixels, 20:9 ratio (~408 ppi density)",Corning Gorilla Glass 5,"Android 10, upgradable to Android 12, OxygenOS 12",Qualcomm SM7250 Snapdragon 765G 5G (7 nm),Octa-core (1x2.4 GHz Kryo 475 Prime & 1x2.2 GHz Kryo 475 Gold & 6x1.8 GHz Kryo 475 Silver),Adreno 620,No,"64GB 6GB RAM, 128GB 8GB RAM, 256GB 12GB RAM",,"Dual-LED flash, HDR, panorama","4K@30fps, 1080p@30/60/240fps, gyro-EIS",,HDR,"4K@30/60fps, 1080p@30/60fps",Yes,No,"Wi-Fi 802.11 a/b/g/n/ac, dual-band, Wi-Fi Direct","5.1, A2DP, LE, aptX HD","GPS (L1+L5), GLONASS (G1), BDS (B1), GALILEO (E1+E5a), NavIC",Yes,No,"USB Type-C 2.0, OTG","Fingerprint (under display, optical), accelerometer, gyro, proximity, compass","Li-Po 4115 mAh, non-removable","30W wired, 70% in 30 min","Blue Marble, Gray Onyx (Gray Ash)","AC2001, AC2003",,"48 MP, f/1.8, 26mm (wide), 1/2.0"", 0.8µm, PDAF, OIS 8 MP, f/2.3, 119˚ (ultrawide) 5 MP, f/2.4, (depth) 2 MP, f/2.4, (macro)",,,,$ 299.99 / € 178.61 / £ 157.00,"32 MP, f/2.5, (wide), 1/2.8"", 0.8µm 8 MP, f/2.5, 105˚ (ultrawide), 1/4.0"", 1.12µm",
11977,OnePlus,Nord CE3,GSM / HSPA / LTE / 5G,GSM 850 / 900 / 1800 / 1900 - SIM 1 & SIM 2,HSDPA 850 / 900 / 1700(AWS) / 1900 / 2100,"1, 2, 3, 4, 5, 7, 8, 28, 34, 38, 39, 40, 41","1, 3, 5, 8, 28, 40, 41, 78 SA/NSA","HSPA, LTE-A (CA), 5G","2023, July 05","Available. Released 2023, August 05",162.7 x 75.5 x 8.2 mm (6.41 x 2.97 x 0.32 in),184 g (6.49 oz),"Glass front, plastic frame, plastic back","Hybrid Dual SIM (Nano-SIM, dual stand-by)","Fluid AMOLED, 1B colors, 120Hz, HDR10+","6.7 inches, 108.0 cm2 (~87.9% screen-to-body ratio)","1080 x 2412 pixels, 20:9 ratio (~394 ppi density)",,"Android 13, OxygenOS 13.1",Qualcomm Snapdragon 782G (6 nm),Octa-core (1x2.7 GHz Cortex-A78 & 3x2.4 GHz Cortex-A78 & 4x1.8 GHz Cortex-A55),Adreno 642L,microSDXC (uses shared SIM slot),"128GB 8GB RAM, 256GB 12GB RAM","50 MP, f/1.8, 24mm (wide), 1/1.56"", 1.0µm, multi-directional PDAF, OIS 8 MP, f/2.2, 112˚ (ultrawide), 1/4"", 1.12µm 2 MP, f/2.4, (macro)","LED flash, HDR, panorama","4K@30fps, 1080p@30/60/120fps, gyro-EIS","16 MP, f/2.4, 24mm (wide), 1.0µm",HDR,"1080p@30fps, gyro-EIS","Yes, with stereo speakers",No,"Wi-Fi 802.11 a/b/g/n/ac/6, dual-band, Wi-Fi Direct","5.2, A2DP, LE, aptX HD, aptX Adaptive","GPS, GLONASS, GALILEO, BDS, QZSS",Yes,No,USB Type-C 2.0,"Fingerprint (under display, optical), accelerometer, gyro, proximity, compass, temperature","Li-Po 5000 mAh, non-removable","80W wired, 1-61% in 15 min (advertised)","Aqua Surge, Gray Shimmer",,,,,,Yes,"₹ 26,998",,
12198,OnePlus,Nord CE 3 Lite,GSM / HSPA / LTE / 5G,GSM 850 / 900 / 1800 / 1900 - SIM 1 & SIM 2,HSDPA 800 / 850 / 900 / 1700(AWS) / 1900 / 2100 - International,"1, 2, 3, 4, 5, 7, 8, 12, 13, 17, 18, 19, 20, 26, 28, 32, 38, 39, 40, 41, 66 - International","1, 3, 5, 7, 8, 20, 28, 38, 40, 41, 66, 77, 78 SA/NSA - International","HSPA, LTE-A, 5G","2023, April 04","Available. Released 2023, April 11",165.5 x 76 x 8.3 mm (6.52 x 2.99 x 0.33 in),195 g (6.88 oz),"Glass front, plastic frame, plastic back","Hybrid Dual SIM (Nano-SIM, dual stand-by)","IPS LCD, 120Hz, 550 nits (typ), 680 nits (peak)","6.72 inches, 109.6 cm2 (~87.1% screen-to-body ratio)","1080 x 2400 pixels, 20:9 ratio (~391 ppi density)",Corning Gorilla Glass,"Android 13, OxygenOS 13.1",Qualcomm SM6375 Snapdragon 695 5G (6 nm),Octa-core (2x2.2 GHz Kryo 660 Gold & 6x1.7 GHz Kryo 660 Silver),Adreno 619,microSDXC (uses shared SIM slot),"128GB 8GB RAM, 256GB 8GB RAM","108 MP, f/1.8, (wide), 1/1.67"", 0.64µm, PDAF 2 MP, f/2.4, (macro) 2 MP, f/2.4, (depth)","LED flash, HDR, panorama",1080p@30fps,"16 MP, f/2.4, (wide), 1.0µm","HDR, panorama",1080p@30fps,"Yes, with stereo speakers",Yes,"Wi-Fi 802.11 a/b/g/n/ac, dual-band","5.1, A2DP, LE, aptX HD","GPS, GALILEO, GLONASS, BDS, QZSS",Yes (market/region dependent),No,"USB Type-C 2.0, OTG","Fingerprint (side-mounted), accelerometer, gyro, proximity, compass","Li-Po 5000 mAh, non-removable","67W wired, 80% in 30 min (advertised)","Pastel Lime, Chromatic Gray","CPH2467, CPH2465",,,,,,"$ 264.00 / € 249.00 / £ 242.96 / ₹ 19,999",,
12135,OnePlus,Nord 3,GSM / CDMA / HSPA / LTE / 5G,GSM 850 / 900 / 1800 / 1900 - SIM 1 & SIM 2,HSDPA 800 / 850 / 900 / 1700(AWS) / 1900 / 2100,"1, 2, 3, 4, 5, 7, 8, 12, 17, 18, 19, 20, 25, 26, 28, 32, 38, 39, 40, 41, 66 - International","1, 2, 3, 5, 7, 8, 12, 20, 25, 28, 38, 40, 41, 66, 77, 78 SA/NSA - International","HSPA, LTE, 5G","2023, July 05","Available. Released 2023, July 11",162 x 75.1 x 8.2 mm (6.38 x 2.96 x 0.32 in),193.5 g (6.84 oz),"Glass front (Dragontrail Glass), glass back (Gorilla Glass 5), plastic frame","Dual SIM (Nano-SIM, dual stand-by)","Fluid AMOLED, 1B colors, 120Hz, HDR10+, 1450 nits (peak)","6.74 inches, 109.2 cm2 (~89.8% screen-to-body ratio)","1240 x 2772 pixels, 20:9 ratio (~451 ppi density)",Dragontrail Glass,"Android 13, OxygenOS 13.1",Mediatek MT6983 Dimensity 9000 (4 nm),Octa-core (1x3.05 GHz Cortex-X2 & 3x2.85 GHz Cortex-A710 & 4x1.80 GHz Cortex-A510),Mali-G710 MC10,No,"128GB 8GB RAM, 256GB 16GB RAM","50 MP, f/1.8, 24mm (wide), 1/1.56"", 1.0µm, multi-directional PDAF, OIS 8 MP, f/2.2, 112˚ (ultrawide), 1/4"", 1.12µm 2 MP, f/2.4, (macro)","LED flash, HDR, panorama","4K@30/60fps, 1080p@30/60/120fps, gyro-EIS","16 MP, f/2.4, 24mm (wide), 1.0µm",HDR,"1080p@30fps, gyro-EIS","Yes, with stereo speakers",No,"Wi-Fi 802.11 a/b/g/n/ac/6, dual-band, Wi-Fi Direct","5.2, A2DP, LE, aptX HD","GPS, GLONASS, GALILEO, BDS, QZSS",Yes,No,"USB Type-C 2.0, OTG","Fingerprint (under display, optical), accelerometer, gyro, proximity, compass","Li-Po 5000 mAh, non-removable","80W wired, 1-60% in 15 min, 1-100% in 32 min (advertised)","Misty Green, Tempest Gray",CPH2491,,,,,Yes,"$ 429.00 / € 483.45 / £ 429.00 / ₹ 33,999",,
11234,OnePlus,10 Pro,GSM / CDMA / HSPA / EVDO / LTE / 5G,GSM 850 / 900 / 1800 / 1900 - SIM 1 & SIM 2 (dual-SIM model only),HSDPA 800 / 850 / 900 / 1700(AWS) / 1900 / 2100,"1, 2, 3, 4, 5, 7, 8, 12, 13, 17, 18, 19, 20, 25, 26, 28, 30, 32, 38, 39, 40, 41, 46, 48, 66, 71 - International","1, 2, 3, 5, 7, 8, 20, 25, 28, 30, 38, 40, 41, 48, 66, 71, 77, 78 SA/NSA - International","HSPA 42.2/5.76 Mbps, LTE-A (4CA) Cat18 1200/200 Mbps, 5G","2022, January 11","Available. Released 2022, January 13",163 x 73.9 x 8.6 mm (6.42 x 2.91 x 0.34 in),201 g (7.09 oz),"Glass front (Gorilla Glass Victus), glass back (Gorilla Glass 5), aluminum frame","Single SIM (Nano-SIM) or Dual SIM (Nano-SIM, dual stand-by)","LTPO2 Fluid AMOLED, 1B colors, 120Hz, HDR10+, 500 nits (typ), 800 nits (HBM), 1300 nits (peak)","6.7 inches, 108.4 cm2 (~90.0% screen-to-body ratio)","1440 x 3216 pixels, 20:9 ratio (~525 ppi density)",Corning Gorilla Glass Victus,"Android 12, upgradable to Android 13, OxygenOS 13 (International), ColorOS (China)",Qualcomm SM8450 Snapdragon 8 Gen 1 (4 nm),Octa-core (1x3.00 GHz Cortex-X2 & 3x2.50 GHz Cortex-A710 & 4x1.80 GHz Cortex-A510),Adreno 730,No,"128GB 8GB RAM, 256GB 8GB RAM, 256GB 12GB RAM, 512GB 12GB RAM","48 MP, f/1.8, 23mm (wide), 1/1.43"", 1.12µm, multi-directional PDAF, Laser AF, OIS 8 MP, f/2.4, 77mm (telephoto), 1.0µm, PDAF, OIS, 3.3x optical zoom 50 MP, f/2.2, 14mm, 150˚ (ultrawide), 1/2.76"", 0.64µm","Hasselblad Color Calibration, Dual-LED dual-tone flash, HDR, panorama","8K@24fps, 4K@30/60/120fps, 1080p@30/60/240fps, Auto HDR, gyro-EIS","32 MP, f/2.2, (wide), 1/2.74"", 0.8µm",Auto-HDR,"1080p@30fps, gyro-EIS","Yes, with stereo speakers",No,"Wi-Fi 802.11 a/b/g/n/ac/6, dual-band, Wi-Fi Direct","5.2, A2DP, LE, aptX HD","GPS (L1+L5), GLONASS (G1), BDS (B1), GALILEO (E1+E5a)",Yes,No,"USB Type-C 3.1, OTG","Fingerprint (under display, optical), accelerometer, gyro, proximity, compass, color spectrum, barometer","Li-Po 5000 mAh, non-removable","80W wired, PD, 1-100% in 32 min (International) 65W wired, PD, 1-58% in 15 min (North America) 50W wireless Reverse wireless","Volcanic Black, Emerald Forest, Panda White (Extreme Edition)","NE2210, NE2211, NE2213, NE2215, NE2217",,,,,,"$ 444.99 / € 585.68 / £ 449.00 / ₹ 42,999",,
11344,OnePlus,Nord CE 2 Lite 5G,GSM / HSPA / LTE / 5G,GSM 850 / 900 / 1800 / 1900 - SIM 1 & SIM 2,HSDPA 800 / 850 / 900 / 1700(AWS) / 1900 / 2100,"1, 2, 3, 4, 5, 7, 8, 12, 13, 17, 18, 19, 20, 26, 28, 38, 39, 40, 41, 66 - Europe","1, 3, 5, 7, 8, 20, 28, 38, 40, 41, 66, 77, 78 SA/NSA - Europe","HSPA, LTE-A (CA), 5G","2022, April 28","Available. Released 2022, April 30",164.3 x 75.6 x 8.5 mm (6.47 x 2.98 x 0.33 in),195 g (6.88 oz),"Glass front, plastic frame, plastic back","Dual SIM (Nano-SIM, dual stand-by)","IPS LCD, 120Hz","6.59 inches, 104.5 cm2 (~84.1% screen-to-body ratio)","1080 x 2412 pixels, 20:9 ratio (~401 ppi density)",,"Android 12, upgradable to Android 13, OxygenOS 13",Qualcomm SM6375 Snapdragon 695 5G (6 nm),Octa-core (2x2.2 GHz Kryo 660 Gold & 6x1.7 GHz Kryo 660 Silver),Adreno 619,microSDXC (uses shared SIM slot),"128GB 6GB RAM, 128GB 8GB RAM","64 MP, f/1.7, 26mm (wide), 0.7µm, PDAF 2 MP, f/2.4, (macro) 2 MP, f/2.4, (depth)","LED flash, HDR, panorama",1080p@30fps,"16 MP, f/2.0, (wide), 1/3.0"", 1.0µm",HDR,1080p@30fps,Yes,Yes,"Wi-Fi 802.11 a/b/g/n/ac, dual-band, Wi-Fi Direct","5.2, A2DP, LE, aptX HD","GPS, GLONASS, GALILEO, BDS, QZSS",Yes (market/region dependent),Unspecified,"USB Type-C 2.0, OTG","Fingerprint (side-mounted), accelerometer, gyro, proximity, compass","Li-Po 5000 mAh, non-removable",33W wired,"Black Dusk, Blue Tide","CPH2381, CPH2409",,,,,,"$ 227.99 / € 233.24 / £ 211.19 / ₹ 17,499",,
11445,OnePlus,10R,GSM / HSPA / LTE / 5G,GSM 850 / 900 / 1800 / 1900 - SIM 1 & SIM 2,HSDPA 800 / 850 / 900 / 1700(AWS) / 1900 / 2100,"1, 2, 3, 4, 5, 7, 8, 18, 19, 26, 28, 34, 38, 39, 40, 41","1, 3, 5, 8, 28, 40, 41, 77, 78 SA/NSA","HSPA 42.2/5.76 Mbps, LTE-A (4CA), Cat12 600/150 Mbps, 5G","2022, April 28","Available. Released 2022, May 04",163.3 x 75.5 x 8.2 mm (6.43 x 2.97 x 0.32 in),186 g (6.56 oz),"Glass front (Gorilla Glass 5), plastic frame, plastic back","Dual SIM (Nano-SIM, dual stand-by)","Fluid AMOLED, 1B colors, 120Hz, HDR10+","6.7 inches, 108.0 cm2 (~87.6% screen-to-body ratio)","1080 x 2412 pixels, 20:9 ratio (~394 ppi density)",Corning Gorilla Glass 5,"Android 12, upgradable to Android 13, OxygenOS 13",Mediatek Dimensity 8100-Max (5 nm),Octa-core (4x2.85 GHz Cortex-A78 & 4x2.0 GHz Cortex-A55),Mali-G610 MC6,No,"128GB 8GB RAM, 256GB 8GB RAM, 256GB 12GB RAM","50 MP, f/1.8, 24mm (wide), 1/1.56"", 1.0µm, PDAF, OIS 8 MP, f/2.2, 15mm, 120˚ (ultrawide), 1/4.0"", 1.12µm 2 MP, f/2.4, (macro)","LED flash, HDR, panorama","4K@30fps, 1080p@30/60/120fps, gyro-EIS","16 MP, f/2.4, 26mm (wide), 1/3.09"", 1.0µm",HDR,"1080p@30fps, gyro-EIS","Yes, with stereo speakers",No,"Wi-Fi 802.11 a/b/g/n/ac/6, dual-band, Wi-Fi Direct","5.2, A2DP, LE","GPS (L1+L5), GLONASS (G1), BDS (B1), GALILEO (E1+E5a)",Yes,No,USB Type-C 2.0,"Fingerprint (under display, optical), accelerometer, gyro, proximity, compass, color spectrum","Li-Po 5000 mAh, non-removable","80W wired, 1-100% in 32 min (advertised)","Sierra Black, Forest Green, Prime Blue",CPH2411,,,,,,"₹ 27,990",,
10960,OnePlus,Nord 2 5G,GSM / HSPA / LTE / 5G,GSM 850 / 900 / 1800 / 1900 - SIM 1 & SIM 2,HSDPA 800 / 850 / 900 / 1700(AWS) / 1800 / 1900 / 2100,"1, 2, 3, 4, 5, 7, 8, 12, 17, 18, 19, 20, 26, 28, 32, 34, 38, 39, 40, 41, 66 - EU","1, 3, 7, 8, 20, 28, 38, 41, 66, 78 SA/NSA - EU","HSPA 42.2/5.76 Mbps, LTE-A (CA) Cat18 1200/150 Mbps, 5G","2021, July 22","Available. Released 2021, July 28",159.1 x 73.3 x 8.3 mm (6.26 x 2.89 x 0.33 in),189 g (6.67 oz),"Glass front (Gorilla Glass 5), glass back (Gorilla Glass 5), plastic frame","Dual SIM (Nano-SIM, dual stand-by)","Fluid AMOLED, 90Hz, HDR10+","6.43 inches, 99.8 cm2 (~85.6% screen-to-body ratio)","1080 x 2400 pixels, 20:9 ratio (~409 ppi density)",Corning Gorilla Glass 5,"Android 11, OxygenOS 11.3",Mediatek MT6893 Dimensity 1200 (6 nm),Octa-core (1x3.0 GHz Cortex-A78 & 3x2.6 GHz Cortex-A78 & 4x2.0 GHz Cortex-A55),Mali-G77 MC9,No,"128GB 6GB RAM, 128GB 8GB RAM, 256GB 8GB RAM, 256GB 12GB RAM","50 MP, f/1.9, 24mm (wide), 1/1.56"", 1.0µm, PDAF, OIS 8 MP, f/2.3, 120˚ (ultrawide) 2 MP, f/2.4, (depth)","Dual-LED flash, HDR, panorama","4K@30fps, 1080p@30/60/120fps, gyro-EIS","32 MP, f/2.5, (wide), 1/2.8"", 0.8µm",Auto HDR,"1080p@30fps, gyro-EIS","Yes, with stereo speakers",No,"Wi-Fi 802.11 a/b/g/n/ac/6, dual-band, Wi-Fi Direct","5.2, A2DP, LE, aptX HD","GPS, GLONASS, GALILEO, BDS, SBAS, NavIC",Yes,No,"USB Type-C 2.0, OTG","Fingerprint (under display, optical), accelerometer, gyro, proximity, compass","Li-Po 4500 mAh, non-removable","65W wired, PD, 1-100% in 30 min (advertised)","Gray Sierra, Blue Haze, Green Wood, Pac-Man Edition","DN2101, DN2103",,,,,,"$ 185.00 / € 221.14 / £ 169.95 / ₹ 21,999",,
12614,OnePlus,Pad Go,GSM / HSPA / LTE,GSM 850 / 900 / 1800 / 1900,HSDPA 850 / 900 / 2100,LTE,,"HSPA, LTE","2023, October 06","Coming soon. Exp. release 2023, October 20",255.1 x 188 x 6.9 mm (10.04 x 7.40 x 0.27 in),532 g (1.17 lb),,Yes,"IPS LCD, 90Hz, 400 nits (typ)","11.35 inches, 396.1 cm2 (~82.6% screen-to-body ratio)",1720 x 2408 pixels (~260 ppi density),,"Android 13, OxygenOS 13.2",Mediatek MT8781 Helio G99 (6nm),Octa-core (2x2.2 GHz Cortex-A76 & 6x2.0 GHz Cortex-A55),Mali-G57 MC2,microSDXC (dedicated slot),"128GB 8GB RAM, 256GB 8GB RAM",,,1080p@30fps,8 MP,,1080p@30fps,"Yes, with stereo speakers (4 speakers)",No,"Wi-Fi 802.11 a/b/g/n/ac, dual-band","5.2, A2DP, LE, aptX HD",Unspecified,No,No,USB Type-C 2.0,"Accelerometer, proximity (accessories only), gyro, compass","Li-Po 8000 mAh, non-removable",33W wired,Twin Mint,,,,,,,About 230 EUR,,8 MP
10806,OnePlus,9 Pro,GSM / CDMA / HSPA / LTE / 5G,GSM 850 / 900 / 1800 / 1900 - SIM 1 & SIM 2,HSDPA 800 / 850 / 900 / 1700(AWS) / 1800 / 1900 / 2100,"1, 2, 3, 4, 5, 7, 8, 12, 13, 17, 18, 19, 20, 25, 26, 28, 32, 38, 39, 40, 41, 66 - EU","1, 3, 5, 7, 8, 20, 28, 38, 40, 41, 66, 78 SA/NSA - EU","HSPA 42.2/5.76 Mbps, LTE-A (CA) Cat20 2000/200 Mbps, 5G","2021, March 23","Available. Released 2021, March 30",163.2 x 73.6 x 8.7 mm (6.43 x 2.90 x 0.34 in),197 g (6.95 oz),"Glass front (Gorilla Glass 5), glass back (Gorilla Glass 5), aluminum frame","Single SIM (Nano-SIM) or Dual SIM (Nano-SIM, dual stand-by)","LTPO Fluid2 AMOLED, 1B colors, 120Hz, HDR10+, 1300 nits (peak)","6.7 inches, 108.4 cm2 (~90.3% screen-to-body ratio)","1440 x 3216 pixels, 20:9 ratio (~525 ppi density)",Corning Gorilla Glass 5,"Android 11, upgradable to Android 13, OxygenOS 13",Qualcomm SM8350 Snapdragon 888 5G (5 nm),Octa-core (1x2.84 GHz Cortex-X1 & 3x2.42 GHz Cortex-A78 & 4x1.80 GHz Cortex-A55,Adreno 660,No,"128GB 8GB RAM, 256GB 8GB RAM, 256GB 12GB RAM",,"Hasselblad Color Calibration, dual-LED flash, HDR, panorama","8K@30fps, 4K@30/60/120fps, 1080p@30/60/240fps, Auto HDR, gyro-EIS","16 MP, f/2.4, (wide), 1/3.06"", 1.0µm",Auto-HDR,"1080p@30fps, gyro-EIS","Yes, with stereo speakers",No,"Wi-Fi 802.11 a/b/g/n/ac/6, dual-band, Wi-Fi Direct, DLNA","5.2, A2DP, LE, aptX HD","GPS (L1+L5), GLONASS (G1), BDS (B1), GALILEO (E1+E5a)",Yes,No,"USB Type-C 3.1, OTG","Fingerprint (under display, optical), accelerometer, gyro, proximity, compass, color spectrum","Li-Po 4500 mAh, non-removable","65W wired, PD, 1-100% in 29 min (advertised) 50W wireless, 1-100% in 43 min (advertised)","Morning Mist, Forest Green, Stellar Black","LE2121, LE2125, LE2123, LE2120, LE2127",,"48 MP, f/1.8, 23mm (wide), 1/1.43"", 1.12µm, multi-directional PDAF, Laser AF, OIS 8 MP, f/2.4, 77mm (telephoto), 1.0µm, PDAF, OIS, 3.3x optical zoom 50 MP, f/2.2, 14mm (ultrawide), 1/1.56"", 1.0µm, AF 2 MP, f/2.4, (monochrome)",,,,"$ 550.00 / € 294.00 / £ 302.00 / ₹ 35,999",,
12473,OnePlus,Ace 2 Pro,GSM / CDMA / HSPA / LTE / 5G,GSM 850 / 900 / 1800 / 1900 - SIM 1 & SIM 2,HSDPA 850 / 900 / 1700(AWS) / 2100,"1, 3, 4, 5, 7, 8, 18, 19, 26, 28, 34, 38, 39, 40, 41","1, 3, 5, 8, 28, 41, 77, 78 SA/NSA","HSPA, LTE-A (CA), 5G","2023, August 16","Available. Released 2023, August 23",163.1 x 74.2 x 9 mm (6.42 x 2.92 x 0.35 in),210 g (7.41 oz),"Glass front (Asahi Glass), plastic frame, glass back (Gorilla Glass 5)","Dual SIM (Nano-SIM, dual stand-by)","AMOLED, 1B colors, 120Hz, HDR10+, 550 nits (typ), 1200 nits (HBM), 1600 nits (peak)","6.74 inches, 109.2 cm2 (~90.3% screen-to-body ratio)","1240 x 2772 pixels, 20:9 ratio (~451 ppi density)",Asahi Glass,"Android 13, ColorOS 13.1",Qualcomm SM8550-AB Snapdragon 8 Gen 2 (4 nm),Octa-core (1x3.2 GHz Cortex-X3 & 2x2.8 GHz Cortex-A715 & 2x2.8 GHz Cortex-A710 & 3x2.0 GHz Cortex-A510),Adreno 740,No,"256GB 12GB RAM, 512GB 16GB RAM, 1TB 24GB RAM","50 MP, f/1.8, 24mm (wide), 1/1.56"", 1.0µm, PDAF, OIS 8 MP, f/2.2, 16mm, 112˚ (ultrawide), 1/4.0"", 1.12µm 2 MP, f/2.4, (macro)","LED flash, HDR, panorama","4K@30/60fps, 1080p@30/60/120/240fps, gyro-EIS, OIS","16 MP, f/2.4, 26mm (wide), 1/3.09"", 1.0µm",HDR,1080p@30fps,"Yes, with stereo speakers",No,"Wi-Fi 802.11 a/b/g/n/ac/6/7, dual-band","5.3, A2DP, LE, aptX HD","GPS (L1+L5), GLONASS (G1), BDS (B1I+B1c+B2a), GALILEO (E1+E5a), QZSS (L1+L5)","Yes, eSE, HCE",No,USB Type-C 2.0,"Fingerprint (under display, optical), accelerometer, gyro, proximity, compass, color spectrum","Li-Po 5000 mAh, non-removable",150W wired,"Aurora Green, Titanium Gray",,,,,,Yes,About 380 EUR,,
10161,OnePlus,8,GSM / CDMA / HSPA / LTE / 5G,GSM 850 / 900 / 1800 / 1900 - SIM 1 & SIM 2,HSDPA 800 / 850 / 900 / 1700(AWS) / 1800 / 1900 / 2100,"1, 2, 3, 4, 5, 7, 8, 12, 13, 17, 18, 19, 20, 25, 26, 28, 32, 34, 38, 39, 40, 41, 42, 46, 66 - EU","1, 3, 7, 28, 78 SA/NSA - EU","HSPA 42.2/5.76 Mbps, LTE-A (5CA) Cat18 1200/150 Mbps, 5G 7.5 Gbps DL","2020, April 14","Available. Released 2020, April 21",160.2 x 72.9 x 8 mm (6.31 x 2.87 x 0.31 in),180 g (6.35 oz),"Glass front (Gorilla Glass 5), glass back (Gorilla Glass 5), aluminum frame","Dual SIM (Nano-SIM, dual stand-by)","Fluid AMOLED, 90Hz, HDR10+","6.55 inches, 103.6 cm2 (~88.7% screen-to-body ratio)","1080 x 2400 pixels, 20:9 ratio (~402 ppi density)",Corning Gorilla Glass 5,"Android 10, upgradable to Android 13, OxygenOS 13",Qualcomm SM8250 Snapdragon 865 5G (7 nm+),Octa-core (1x2.84 GHz Cortex-A77 & 3x2.42 GHz Cortex-A77 & 4x1.80 GHz Cortex-A55),Adreno 650,No,"128GB 6GB RAM, 128GB 8GB RAM, 256GB 12GB RAM","48 MP, f/1.8, 26mm (wide), 1/2.0"", 0.8µm, PDAF, OIS 16 MP, f/2.2, 14mm, 116˚ (ultrawide), 1/3.6"", 1.0µm 2 MP, f/2.4, (macro)","Dual-LED flash, HDR, panorama","4K@30/60fps, 1080p@30/60/240fps, Auto HDR, gyro-EIS","16 MP, f/2.4, (wide), 1/3.06"", 1.0µm",Auto-HDR,"1080p@30fps, gyro-EIS","Yes, with stereo speakers",No,"Wi-Fi 802.11 a/b/g/n/ac/6, dual-band, Wi-Fi Direct, DLNA","5.1, A2DP, LE, aptX HD","GPS (L1+L5), GLONASS (G1), BDS (B1), GALILEO (E1+E5a)",Yes,No,"USB Type-C 3.1, OTG","Fingerprint (under display, optical), accelerometer, gyro, proximity, compass","Li-Po 4300 mAh, non-removable","30W wired, 50% in 22 min (advertised)","Onyx Black, Glacial Green, Interstellar Glow, Polar Silver","IN2013, IN2017, IN2010, IN2019",,,,,,$ 496.00,,
10747,OnePlus,9,GSM / CDMA / HSPA / LTE / 5G,GSM 850 / 900 / 1800 / 1900 - SIM 1 & SIM 2,HSDPA 800 / 850 / 900 / 1700(AWS) / 1800 / 1900 / 2100,"1, 2, 3, 4, 5, 7, 8, 12, 13, 17, 18, 19, 20, 25, 26, 28, 32, 38, 39, 40, 41, 66 - EU","1, 3, 5, 7, 8, 20, 28, 38, 40, 41, 66, 78 SA/NSA - EU","HSPA 42.2/5.76 Mbps, LTE-A (CA) Cat20 2000/200 Mbps, 5G","2021, March 23","Available. Released 2021, March 26",160 x 74.2 x 8.7 mm (EU/NA) 160 x 73.9 x 8.1 mm (IN/CN),192 g (EU/NA) 183 g (IN/CN) (6.46 oz),"Glass front (Gorilla Glass 5), glass back (Gorilla Glass 5), plastic frame","Single SIM (Nano-SIM) or Dual SIM (Nano-SIM, dual stand-by)","Fluid AMOLED, 120Hz, HDR10+, 1100 nits (peak)","6.55 inches, 103.6 cm2 (~87.6% screen-to-body ratio)","1080 x 2400 pixels, 20:9 ratio (~402 ppi density)",Corning Gorilla Glass 5,"Android 11, upgradable to Android 13, OxygenOS 13",Qualcomm SM8350 Snapdragon 888 5G (5 nm),Octa-core (1x2.84 GHz Cortex-X1 & 3x2.42 GHz Cortex-A78 & 4x1.80 GHz Cortex-A55),Adreno 660,No,"128GB 8GB RAM, 256GB 12GB RAM","48 MP, f/1.8, 23mm (wide), 1/1.43"", 1.12µm, multi-directional PDAF 50 MP, f/2.2, 14mm (ultrawide), 1/1.56"", 1.0µm, AF 2 MP, f/2.4, (monochrome)","Hasselblad Color Calibration, dual-LED flash, HDR, panorama","8K@30fps, 4K@30/60fps, 1080p@30/60/240fps, Auto HDR, gyro-EIS","16 MP, f/2.4, (wide), 1/3.06"", 1.0µm",Auto-HDR,"1080p@30fps, gyro-EIS","Yes, with stereo speakers",No,"Wi-Fi 802.11 a/b/g/n/ac/6, dual-band, Wi-Fi Direct, DLNA","5.2, A2DP, LE, aptX HD","GPS (L1+L5), GLONASS (G1), BDS (B1), GALILEO (E1+E5a)",Yes,No,"USB Type-C 3.1, OTG","Fingerprint (under display, optical), accelerometer, gyro, proximity, compass, color spectrum","Li-Po 4500 mAh, non-removable","65W wired, PD, 1-100% in 29 min (advertised) 15W wireless (EU/NA)","Winter Mist, Arctic Sky, Astral Black","LE2113, LE2111, LE2110, LE2117, LE2115",,,,,,"$ 187.99 / € 303.03 / £ 252.99 / ₹ 26,899",,
12389,Xiaomi,13T,GSM / HSPA / LTE / 5G,GSM 850 / 900 / 1800 / 1900 - SIM 1 & SIM 2,HSDPA 800 / 850 / 900 / 1700(AWS) / 1900 / 2100,"1, 2, 3, 4, 5, 7, 8, 12, 13, 17, 18, 19, 20, 26, 28, 32, 38, 40, 41, 66","1, 3, 5, 7, 8, 20, 28, 38, 40, 41, 66, 77, 78 SA/NSA","HSPA, LTE-A, 5G","2023, September 26","Available. Released 2023, September 26",162.2 x 75.7 x 8.5 mm (6.39 x 2.98 x 0.33 in),193 g or 197 g (6.81 oz),"Glass front (Gorilla Glass 5), glass back or silicone polymer back, plastic frame","Nano-SIM and eSIM or Dual SIM (Nano-SIM, dual stand-by)","AMOLED, 68B colors, 144Hz, Dolby Vision, HDR10+, 1200 nits (HBM), 2600 nits (peak)","6.67 inches, 107.4 cm2 (~87.5% screen-to-body ratio)","1220 x 2712 pixels, 20:9 ratio (~446 ppi density)",Corning Gorilla Glass 5,"Android 13, MIUI 14",Mediatek Dimensity 8200 Ultra (4 nm),Octa-core (1x3.1 GHz Cortex-A78 & 3x3.0 GHz Cortex-A78 & 4x2.0 GHz Cortex-A55),Mali-G610 MC6,No,"256GB 8GB RAM, 256GB 12GB RAM","50 MP, f/1.9, 24mm (wide), 1/1.28"", 1.22µm, PDAF, OIS 50 MP, f/1.9, 50mm (telephoto), 1/2.88"", 0.61µm, PDAF, 2x optical zoom 12 MP, f/2.2, 15mm (ultrawide), 1/3.06"", 1.12µm","Leica lens, LED flash, HDR, panorama","4K@30fps (HDR10+), 1080p@30/60/120fps, gyro-EIS","20 MP, f/2.2, (wide), 0.8µm",HDR,"1080p@30fps, HDR10+","Yes, with stereo speakers",No,"Wi-Fi 802.11 a/b/g/n/ac/6, dual-band","5.4, A2DP, LE","GPS (L1+L5), GLONASS (G1), GALILEO (E1+E5a), QZSS (L1+L5), NavIC (L5), BDS",Yes (market/region dependent),No,"USB Type-C 2.0, OTG","Fingerprint (under display, optical), accelerometer, gyro, proximity, compass, color spectrum","Li-Po 5000 mAh, non-removable","67W wired, PD3.0, QC4, 100% in 42 min (advertised)","Alpine Blue, Meadow Green, Black",,,,,,Yes,$ 499.00 / € 579.57 / £ 449.00,,
12388,Xiaomi,13T Pro,GSM / HSPA / LTE / 5G,GSM 850 / 900 / 1800 / 1900 - SIM 1 & SIM 2,HSDPA 800 / 850 / 900 / 1700(AWS) / 1900 / 2100,"1, 2, 3, 4, 5, 7, 8, 12, 13, 17, 18, 19, 20, 25, 26, 28, 32, 38, 39, 40, 41, 42, 48, 66","1, 3, 5, 7, 8, 20, 28, 38, 40, 41, 66, 75, 77, 78 SA/NSA","HSPA, LTE-A, 5G","2023, September 26","Available. Released 2023, September 26",162.2 x 75.7 x 8.5 mm (6.39 x 2.98 x 0.33 in),200 g or 206 g (7.05 oz),"Glass front (Gorilla Glass 5), glass back or silicone polymer back, plastic frame","Nano-SIM and eSIM or Dual SIM (Nano-SIM, dual stand-by)","AMOLED, 68B colors, 144Hz, Dolby Vision, HDR10+, 1200 nits (HBM), 2600 nits (peak)","6.67 inches, 107.4 cm2 (~87.5% screen-to-body ratio)","1220 x 2712 pixels, 20:9 ratio (~446 ppi density)",Corning Gorilla Glass 5,"Android 13, MIUI 14",Mediatek Dimensity 9200+ (4 nm),Octa-core (1x3.35 GHz Cortex-X3 & 3x3.0 GHz Cortex-A715 & 4x2.0 GHz Cortex-A510),Immortalis-G715 MC11,No,"256GB 12GB RAM, 512GB 12GB RAM, 1TB 16GB RAM","50 MP, f/1.9, 24mm (wide), 1/1.28"", 1.22µm, PDAF, OIS 50 MP, f/1.9, 50mm (telephoto), 1/2.88"", 0.61µm, PDAF, 2x optical zoom 12 MP, f/2.2, 15mm (ultrawide), 1/3.06"", 1.12µm","Leica lens, LED flash, HDR, panorama","8K@24fps, 4K@24/30/60fps, 4K/1080p@30fps HDR10+, 1080p@30/60/120/240fps; 10-bit LOG, gyro-EIS","20 MP, f/2.2, (wide), 0.8µm",HDR,"1080p@30fps, HDR10+","Yes, with stereo speakers",No,"Wi-Fi 802.11 a/b/g/n/ac/6e/7, tri-band, Wi-Fi Direct","5.4, A2DP, LE","GPS (L1+L5), GLONASS (G1), GALILEO (E1+E5a), NavIC (L5), BDS",Yes,No,"USB Type-C 2.0, OTG","Fingerprint (under display, optical), accelerometer, gyro, proximity, compass, color spectrum","Li-Po 5000 mAh, non-removable","120W wired, PD3.0, QC4, 100% in 19 min (advertised)","Alpine Blue, Meadow Green, Black",,,,,,Yes,$ 645.00 / € 815.00 / £ 699.00,,
12063,Xiaomi,Redmi Note 12,GSM / HSPA / LTE / 5G,GSM 850 / 900 / 1800 / 1900 - SIM 1 & SIM 2,HSDPA 850 / 900 / 2100,"1, 3, 5, 8, 40, 41","1, 3, 5, 8, 28, 40, 78 SA/NSA","HSPA, LTE-A (CA), 5G","2022, October 27","Available. Released 2023, January 11",165.9 x 76.2 x 8 mm (6.53 x 3.00 x 0.31 in),188 g (6.63 oz),,"Hybrid Dual SIM (Nano-SIM, dual stand-by)","AMOLED, 120Hz, 1200 nits (peak)","6.67 inches, 107.4 cm2 (~85.0% screen-to-body ratio)","1080 x 2400 pixels, 20:9 ratio (~395 ppi density)",Corning Gorilla Glass 3,"Android 12, MIUI 14 (International), MIUI 13 (India)",Qualcomm SM4375 Snapdragon 4 Gen 1 (6 nm),Octa-core (2x2.0 GHz Cortex-A78 & 6x1.8 GHz Cortex-A55),Adreno 619,microSDXC (uses shared SIM slot),"128GB 4GB RAM, 128GB 6GB RAM, 256GB 8GB RAM","48 MP, f/1.8, (wide), PDAF 8 MP, f/2.2, 120˚ (ultrawide), 1/4"", 1.12µm 2 MP, f/2.4, (macro)","Dual-LED dual-tone flash, HDR, panorama",1080p@30fps,"13 MP, f/2.5, (wide), 1/3.0""",HDR,1080p@30fps,Yes,Yes,"Wi-Fi 802.11 a/b/g/n/ac, dual-band","5.1, A2DP, LE","GPS, GLONASS",Yes (market/region dependent),Unspecified,"USB Type-C 2.0, OTG","Fingerprint (side-mounted), accelerometer, gyro, proximity, compass","Li-Po 5000 mAh, non-removable","33W wired, 50% in 22 min (advertised)","Frosted Green, Matte Black, Mystique Blue","22111317I, 22111317G",,,,,Yes,"$ 179.99 / € 145.62 / £ 149.00 / ₹ 13,799",,
12328,Xiaomi,Redmi 12,GSM / HSPA / LTE,GSM 850 / 900 / 1800 / 1900 - SIM 1 & SIM 2,HSDPA 850 / 900 / 2100,"1, 3, 5, 7, 8, 20, 28, 38, 40, 41",,"HSPA, LTE","2023, June 15","Available. Released 2023, June 15",168.6 x 76.3 x 8.2 mm (6.64 x 3.00 x 0.32 in),198.5 g (7.02 oz),"Glass front, plastic frame, glass back","Hybrid Dual SIM (Nano-SIM, dual stand-by)","IPS LCD, 90Hz, 550 nits (peak)","6.79 inches, 109.5 cm2 (~85.1% screen-to-body ratio)",1080 x 2460 pixels (~396 ppi density),,"Android 13, MIUI 14",Mediatek Helio G88 (12nm),Octa-core (2x2.0 GHz Cortex-A75 & 6x1.8 GHz Cortex-A55),Mali-G52 MC2,microSDXC (uses shared SIM slot),"128GB 4GB RAM, 128GB 8GB RAM, 256GB 8GB RAM","50 MP, f/1.8, (wide), PDAF 8 MP, f/2.2, 120˚ (ultrawide) 2 MP, f/2.4, (macro)","LED flash, HDR",1080p@30fps,"8 MP, f/2.1, (wide)",,1080p@30fps,Yes,Yes,"Wi-Fi 802.11 a/b/g/n/ac, dual-band","5.3, A2DP, LE","GPS, GLONASS, BDS, GALILEO",Yes (market/region dependent),FM radio,USB Type-C,"Fingerprint (side-mounted), accelerometer, compass","Li-Po 5000 mAh, non-removable","18W wired, PD","Midnight Black, Sky Blue, Polar Silver, Moonstone Silver",23053RN02A,,,,,Yes,"$ 139.70 / € 150.70 / £ 159.00 / ₹ 10,787",,
11955,Xiaomi,Redmi Note 12 Pro,GSM / CDMA / HSPA / EVDO / LTE / 5G,GSM 850 / 900 / 1800 / 1900 - SIM 1 & SIM 2,HSDPA 800 / 850 / 900 / 1900 / 2100,"1, 2, 3, 4, 5, 7, 8, 12, 13, 17, 18, 19, 20, 26, 28, 32, 38, 40, 41, 66 - International","1, 3, 5, 7, 8, 20, 28, 38, 40, 41, 66, 77, 78 SA/NSA - International","HSPA, LTE-A (CA), 5G","2022, October 27","Available. Released 2022, November 01",163 x 76 x 8 mm (6.42 x 2.99 x 0.31 in),187 g (6.60 oz),"Glass front (Gorilla Glass 5), glass back, plastic frame","Dual SIM (Nano-SIM, dual stand-by)","OLED, 1B colors, 120Hz, Dolby Vision, HDR10+, 500 nits (typ), 900 nits (HBM)","6.67 inches, 107.4 cm2 (~86.7% screen-to-body ratio)","1080 x 2400 pixels, 20:9 ratio (~395 ppi density)",Corning Gorilla Glass 5,"Android 12, MIUI 13",Mediatek MT6877V Dimensity 1080 (6 nm),Octa-core (2x2.6 GHz Cortex-A78 & 6x2.0 GHz Cortex-A55),Mali-G68 MC4,No,"128GB 6GB RAM, 128GB 8GB RAM, 256GB 8GB RAM, 256GB 12GB RAM","50 MP, f/1.9, 24mm (wide), 1/1.56"", 1.0µm, PDAF, OIS 8 MP, f/2.2, 120˚ (ultrawide), 1/4"", 1.12µm 2 MP, f/2.4, (macro)","Dual-LED dual-tone flash, HDR, panorama","4K@30fps, 1080p@30/60/120fps, 720p@960fps","16 MP, f/2.5, (wide), 1/3.06"", 1.0µm",HDR,1080p@30/60fps,"Yes, with stereo speakers",Yes,"Wi-Fi 802.11 a/b/g/n/ac/6, dual-band, Wi-Fi Direct","5.2, A2DP, LE","GPS (L1), GLONASS (G1), BDS (B1I+B1c), GALILEO (E1), QZSS (L1)",Yes (market/region dependent),No,"USB Type-C 2.0, OTG","Fingerprint (side-mounted), accelerometer, gyro, proximity, compass","Li-Po 5000 mAh, non-removable","67W wired, PD3.0, 50% in 15 min, 100% in 46 min (advertised)","Frosted Blue (Sky Blue), Onyx Black (Midnight Black), Polar White, Stardust Purple","22101316C, 22101316I, 23013RK75C, 22101316G",,,,,Yes,"$ 237.00 / € 205.62 / £ 222.58 / ₹ 18,999",,
11336,Xiaomi,Redmi Note 11,GSM / HSPA / LTE,GSM 850 / 900 / 1800 / 1900 - SIM 1 & SIM 2,HSDPA 850 / 900 / 1700(AWS) / 1900 / 2100,"1, 2, 3, 4, 5, 7, 8, 20, 28, 38, 40, 41",,"HSPA, LTE-A (CA)","2022, January 26","Available. Released 2022, February 09",159.9 x 73.9 x 8.1 mm (6.30 x 2.91 x 0.32 in),179 g (6.31 oz),,"Dual SIM (Nano-SIM, dual stand-by)","AMOLED, 90Hz, 700 nits, 1000 nits (peak)","6.43 inches, 99.8 cm2 (~84.5% screen-to-body ratio)","1080 x 2400 pixels, 20:9 ratio (~409 ppi density)",Corning Gorilla Glass 3,"Android 11, upgradable to Android 13, MIUI 14",Qualcomm SM6225 Snapdragon 680 4G (6 nm),Octa-core (4x2.4 GHz Kryo 265 Gold & 4x1.9 GHz Kryo 265 Silver),Adreno 610,microSDXC (dedicated slot),"64GB 4GB RAM, 64GB 6GB RAM, 128GB 4GB RAM, 128GB 6GB RAM",,"LED flash, HDR, panorama",1080p@30fps,"13 MP, f/2.4, (wide), 1/3.1"", 1.12µm",,1080p@30fps,"Yes, with stereo speakers",Yes,"Wi-Fi 802.11 a/b/g/n/ac, dual-band, Wi-Fi Direct","5.0, A2DP, LE","GPS, GLONASS, BDS, GALILEO",Yes (market/region dependent),FM radio,"USB Type-C 2.0, OTG","Fingerprint (side-mounted), accelerometer, gyro, compass","Li-Po 5000 mAh, non-removable","33W wired, PD3.0, QC3, 100% in 60 min (advertised)","Graphite Gray, Twilight Blue, Star Blue","2201117TG, 2201117TI, 2201117TY, 2201117TL",0.97 W/kg (head) 0.93 W/kg (body),"50 MP, f/1.8, 26mm (wide), 1/2.76"", 0.64µm, PDAF 8 MP, f/2.2, 118˚ (ultrawide), 1/4"", 1.12µm 2 MP, f/2.4, (macro) 2 MP, f/2.4, (depth)",,,Yes,,,
12530,Huawei,Mate 60 Pro,GSM / CDMA / HSPA / CDMA2000 / LTE / 5G,GSM 850 / 900 / 1800 / 1900 - SIM 1 & SIM 2,HSDPA 800 / 850 / 900 / 1700(AWS) / 1900 / 2100,LTE,SA/NSA,"HSPA, LTE-A, 5G","2023, August 29","Available. Released 2023, August 29",163.7 x 79 x 8.1 mm (6.44 x 3.11 x 0.32 in),225 g (7.94 oz),"Glass front, aluminum frame, glass back","Hybrid Dual SIM (Nano-SIM, dual stand-by)","LTPO OLED, 1B colors, 120Hz","6.82 inches, 114.4 cm2 (~88.5% screen-to-body ratio)","1260 x 2720 pixels, 19.5:9 ratio (~440 ppi density)",Huawei Kunlun Glass 2,HarmonyOS 4.0 (China),Kirin 9000S (7 nm),Octa-core (1x2.62 GHz Cortex-A720 & 3x2.15 GHz Cortex-A720 & 4x1.53GHz Cortex-A510),Maleoon 910 GPU,"NM (Nano Memory), up to 256GB (uses shared SIM slot)","256GB 12GB RAM, 512GB 12GB RAM, 1TB 12GB RAM","50 MP, f/1.4-f/4.0, 24mm (wide), PDAF, Laser AF, OIS 48 MP, f/3.5, 90mm (periscope telephoto), PDAF, OIS, 3.5x optical zoom 12 MP, f/2.2, 13mm, 120˚ (ultrawide), PDAF","LED flash, panorama, HDR","4K@30/60fps, 1080p@30/60/120/240/480fps, 720p@960fps, 720p@3840fps, HDR, gyro-EIS","13 MP, f/2.4, 18mm (ultrawide) TOF 3D, (depth/biometrics sensor)","HDR, panorama","4K@30/60fps, 1080p@30/60/240fps","Yes, with stereo speakers",No,"Wi-Fi 802.11 a/b/g/n/ac/6, dual-band, Wi-Fi Direct","5.2, A2DP, LE","GPS (L1+L5), GLONASS (L1), BDS (B1I+B1c+B2a+B2b), GALILEO (E1+E5a+E5b), QZSS (L1+L5), NavIC (L5)",Yes,No,"USB Type-C 3.1, OTG, DisplayPort 1.2","Face ID, fingerprint (under display, optical), accelerometer, gyro, proximity, barometer, compass, color spectrum","Li-Po 5000 mAh, non-removable","88W wired, 100% in 30 min (advertised) 50W wireless 20W reverse wireless","Black, White, Green, Purple","ALN-AL00, ALN-AL80",,,,,Yes,About 890 EUR,,
9635,Huawei,P30 Pro,GSM / HSPA / LTE,GSM 850 / 900 / 1800 / 1900 - SIM 1 & SIM 2 (dual-SIM model only),HSDPA 800 / 850 / 900 / 1700(AWS) / 1900 / 2100,"1, 2, 3, 4, 5, 6, 7, 8, 9, 12, 17, 18, 19, 20, 26, 28, 32, 34, 38, 39, 40",,"HSPA 42.2/5.76 Mbps, LTE-A Cat21 1400/200 Mbps","2019, March 26","Available. Released 2019, March 26",158 x 73.4 x 8.4 mm (6.22 x 2.89 x 0.33 in),192 g (6.77 oz),"Glass front (Aluminosilicate glass), glass back (Aluminosilicate glass), aluminum frame","Single SIM (Nano-SIM) or Hybrid Dual SIM (Nano-SIM, dual stand-by)","OLED, HDR10","6.47 inches, 102.8 cm2 (~88.6% screen-to-body ratio)","1080 x 2340 pixels, 19.5:9 ratio (~398 ppi density)",,"Android 9.0 (Pie), upgradable to Android 10, EMUI 10",Kirin 980 (7 nm),Octa-core (2x2.6 GHz Cortex-A76 & 2x1.92 GHz Cortex-A76 & 4x1.8 GHz Cortex-A55),Mali-G76 MP10,"NM (Nano Memory), up to 256GB (uses shared SIM slot)","128GB 6GB RAM, 128GB 8GB RAM, 256GB 8GB RAM, 512GB 8GB RAM","40 MP, f/1.6, 27mm (wide), 1/1.7"", PDAF, OIS 8 MP, f/3.4, 125mm (periscope telephoto), 1/4.0"", PDAF, OIS, 5x optical zoom 20 MP, f/2.2, 16mm (ultrawide), 1/2.7"", PDAF TOF 3D, (depth)","Leica optics, dual-LED dual-tone flash, panorama, HDR","4K@30fps, 1080p@60fps, 1080p@30fps (gyro-EIS), 720p@960fps","32 MP, f/2.0, 26mm (wide), 1/2.8"", 0.8µm",HDR,1080p@30fps,Yes,No,"Wi-Fi 802.11 a/b/g/n/ac, dual-band, Wi-Fi Direct","5.0, A2DP, aptX HD, LE","GPS (L1+L5), GLONASS (L1), BDS (B1), GALILEO (E1+E5a), QZSS (L1+L5)",Yes,No,USB Type-C 3.1,"Fingerprint (under display, optical), accelerometer, gyro, proximity, compass, color spectrum","Li-Po 4200 mAh, non-removable","40W wired, 70% in 30 min (advertised) 15W wireless 2.5W reverse wireless","Aurora, Amber Sunrise, Breathing Crystal, Black, Pearl White, Misty Lavender, Mystic Blue","VOG-L29, VOG-L09, VOG-AL00, VOG-TL00, VOG-L04, VOG-AL10, HW-02L",,,,,Yes,About 670 EUR,,
12172,Huawei,P60 Pro,GSM / CDMA / HSPA / CDMA2000 / LTE,GSM 850 / 900 / 1800 / 1900 - SIM 1 & SIM 2 (dual-SIM),HSDPA 800 / 850 / 900 / 1700(AWS) / 1900 / 2100,"1, 2, 3, 4, 5, 7, 8, 12, 13, 17, 18, 19, 20, 26, 28, 32, 34, 38, 39, 40, 41, 66 - International",,"HSPA, LTE-A","2023, March 23","Available. Released 2023, March 31",161 x 74.5 x 8.3 mm (6.34 x 2.93 x 0.33 in),200 g (7.05 oz),,"Single SIM (Nano-SIM) or Hybrid Dual SIM (Nano-SIM, dual stand-by)","LTPO OLED, 1B colors, 120Hz","6.67 inches, 107.7 cm2 (~89.8% screen-to-body ratio)",1220 x 2700 pixels (~444 ppi density),Kunlun Glass,"HarmonyOS 3.1 (China), EMUI 13.1 (Europe), no Google Play Services",Qualcomm SM8475 Snapdragon 8+ Gen 1 4G (4 nm),Octa-core (1x3.19 GHz Cortex-X2 & 3x2.75 GHz Cortex-A710 & 4x2.0 GHz Cortex-A510),Adreno 730,"NM (Nano Memory), up to 256GB (uses shared SIM slot)","256GB 8GB RAM, 256GB 12GB RAM, 512GB 12GB RAM","48 MP, f/1.4-f/4.0, 25mm (wide), PDAF, Laser AF, OIS 48 MP, f/2.1, 90mm (telephoto), PDAF, sensor-shift OIS, 3.5x optical zoom 13 MP, f/2.2, 13mm (ultrawide), AF","LED flash, HDR, panorama","4K@30/60fps, 1080p@30/60fps, 1080p@960fps; gyro-EIS","13 MP, f/2.4, (ultrawide)","Panorama, HDR","4K@30/60fps, 1080p@30fps","Yes, with stereo speakers",No,"Wi-Fi 802.11 a/b/g/n/ac/6, dual-band, Wi-Fi Direct","5.2, A2DP, LE","GPS (L1+L5), GLONASS (B1I+B1c+B2a), BDS (B1I+B1c+B2a), GALILEO (E1+E5a), QZSS (L1+L5), NavIC","Yes; NFC-SIM, HCE",No,"USB Type-C 3.1, OTG","Fingerprint (under display, optical), accelerometer, gyro, proximity, compass, color spectrum","Li-Po 4815 mAh, non-removable",88W wired 50W wireless Reverse wireless,"Black, Green, Violet, Rococo Pearl","MNA-AL00, MNA-LX9",,,,,Yes,"$ 903.00 / € 974.00 / £ 1,099.00",,
12549,Huawei,Mate 60 Pro+,GSM / CDMA / HSPA / CDMA2000 / LTE / 5G,GSM 850 / 900 / 1800 / 1900 - SIM 1 & SIM 2,HSDPA 800 / 850 / 900 / 1700(AWS) / 1900 / 2100,LTE,SA/NSA,"HSPA, LTE-A, 5G","2023, September 08","Available. Released 2023, September 27",163.7 x 79 x 8.1 mm (6.44 x 3.11 x 0.32 in),225 g (7.94 oz),"Glass front, aluminum frame, glass back","Hybrid Dual SIM (Nano-SIM, dual stand-by)","LTPO OLED, 1B colors, 120Hz","6.82 inches, 114.4 cm2 (~88.5% screen-to-body ratio)","1260 x 2720 pixels, 19.5:9 ratio (~440 ppi density)",Huawei Kunlun Glass 2,HarmonyOS 4.0 (China),Kirin 9000S (7 nm),Octa-core (1x2.62 GHz Cortex-A720 & 3x2.15 GHz Cortex-A720 & 4x1.53GHz Cortex-A510),Maleoon 910 GPU,"NM (Nano Memory), up to 256GB (uses shared SIM slot)","512GB 16GB RAM, 1TB 16GB RAM","48 MP, f/1.4-f/4.0, 24mm (wide), PDAF, Laser AF, OIS 48 MP, f/3.0, 90mm (periscope telephoto), PDAF, OIS, 3.5x optical zoom 40 MP, f/2.2, 13mm, 120˚ (ultrawide), PDAF","LED flash, panorama, HDR","4K@30/60fps, 1080p@30/60/120/240/480fps, 720p@960fps, 720p@3840fps, HDR, gyro-EIS","13 MP, f/2.4, 18mm (ultrawide) TOF 3D, (depth/biometrics sensor)","HDR, panorama","4K@30/60fps, 1080p@30/60/240fps","Yes, with stereo speakers",No,"Wi-Fi 802.11 a/b/g/n/ac/6, dual-band, Wi-Fi Direct","5.2, A2DP, LE","GPS (L1+L5), GLONASS (L1), BDS (B1I+B1c+B2a+B2b), GALILEO (E1+E5a+E5b), QZSS (L1+L5), NavIC (L5)",Yes,No,"USB Type-C 3.1, OTG, DisplayPort 1.2","Face ID, fingerprint (under display, optical), accelerometer, gyro, proximity, barometer, compass, color spectrum","Li-Po 5000 mAh, non-removable","88W wired, 100% in 30 min (advertised) 50W wireless 20W reverse wireless","Black, Light Gold",ALN-AL10,,,,,Yes,,,
9324,Huawei,Y9 (2019),GSM / HSPA / LTE,GSM 850 / 900 / 1800 / 1900 - SIM 1 & SIM 2 (Dual SIM model only),HSDPA 850 / 900 / 1900 / 2100,"1, 3, 7, 8, 20",,"HSPA, LTE-A","2018, October 01","Available. Released 2018, October 01",162.4 x 77.1 x 8.1 mm (6.39 x 3.04 x 0.32 in),173 g (6.10 oz),"Glass front, plastic back, plastic frame","Single SIM (Nano-SIM) or Dual SIM (Nano-SIM, dual stand-by)",IPS LCD,"6.5 inches, 103.7 cm2 (~82.8% screen-to-body ratio)","1080 x 2340 pixels, 19.5:9 ratio (~396 ppi density)",,"Android 8.1 (Oreo), EMUI 8.2",Kirin 710 (12 nm),Octa-core (4x2.2 GHz Cortex-A73 & 4x1.7 GHz Cortex-A53),Mali-G51 MP4,microSDXC (dedicated slot),"64GB 3GB RAM, 64GB 4GB RAM, 128GB 4GB RAM, 128GB 6GB RAM",,"LED flash, HDR, panorama",1080p@30fps,,HDR,1080p@30fps,Yes,Yes,"Wi-Fi 802.11 а/b/g/n/ac, dual-band, Wi-Fi Direct","5.0, A2DP, LE","GPS, GLONASS, BDS",No,FM radio,microUSB 2.0,"Fingerprint (rear-mounted), accelerometer, gyro, proximity, compass","Li-Ion 4000 mAh, non-removable",10W wired,"Midnight Black, Sapphire Blue, Aurora Purple","JKM-LX1, JKM-LX2, JKM-LX3, JKM-AL00, JKM-TL00, JKM-AL00a, JKM-AL00b",,,,"13 MP, f/1.8, PDAF 2 MP, f/2.4, (depth)",,About 180 EUR,"16 MP, f/2.0 2 MP, f/2.4, depth sensor",
9742,Huawei,Y9 Prime (2019),GSM / HSPA / LTE,GSM 850 / 900 / 1800 / 1900 - SIM 1 & SIM 2 (Dual SIM model only),HSDPA 800 / 850 / 900 / 1700(AWS) / 1900 / 2100,"1, 2, 3, 4, 5, 7, 8, 18, 19, 20, 26, 28, 38, 40, 41",,"HSPA 42.2/5.76 Mbps, LTE-A (2CA) Cat12 600/50 Mbps","2019, August 01","Available. Released 2019, August 05",163.5 x 77.3 x 8.9 mm (6.44 x 3.04 x 0.35 in),196.8 g (6.95 oz),"Glass front, plastic back","Single SIM (Nano-SIM) or Dual SIM (Nano-SIM, dual stand-by)",IPS LCD,"6.59 inches, 106.6 cm2 (~84.3% screen-to-body ratio)","1080 x 2340 pixels, 19.5:9 ratio (~391 ppi density)",,"Android 9.0 (Pie), upgradable to Android 10, Magic UI 2.1",Kirin 710F (12 nm),Octa-core (4x2.2 GHz Cortex-A73 & 4x1.7 GHz Cortex-A53),Mali-G51 MP4,microSDXC (dedicated slot),"64GB 4GB RAM, 128GB 4GB RAM","16 MP, f/1.8, (wide), PDAF 8 MP, f/2.4, 13mm (ultrawide) 2 MP, f/2.4, (depth)","LED flash, HDR, panorama",1080p@30fps,"Motorized pop-up 16 MP, f/2.0",,1080p@30fps,Yes,Yes,"Wi-Fi 802.11 a/b/g/n/ac, dual-band, Wi-Fi Direct","5.0, A2DP, LE","GPS, GLONASS, GALILEO, BDS, QZSS",No,FM radio,"USB Type-C 2.0, OTG","Fingerprint (rear-mounted), accelerometer, gyro, proximity, compass","Li-Po 4000 mAh, non-removable",,"Emerald Green, Midnight Black, Sapphire Blue","STK-L21, STK-L22, STK-LX3",,,,,,About 220 EUR,,
12585,Huawei,Mate 60 RS Ultimate,GSM / CDMA / HSPA / CDMA2000 / LTE / 5G,GSM 850 / 900 / 1800 / 1900 - SIM 1 & SIM 2,HSDPA 800 / 850 / 900 / 1700(AWS) / 1900 / 2100,LTE,SA/NSA,"HSPA, LTE-A, 5G","2023, September 25","Available. Released 2023, September 28",163.7 x 79 x 8.1 mm (6.44 x 3.11 x 0.32 in),242 g or 246 g (8.54 oz),,"Hybrid Dual SIM (Nano-SIM, dual stand-by)","LTPO OLED, 1B colors, 120Hz","6.82 inches, 114.4 cm2 (~88.5% screen-to-body ratio)","1260 x 2720 pixels, 19.5:9 ratio (~440 ppi density)",Huawei Kunlun Glass 2,HarmonyOS 4.0 (China),Kirin 9000S (7 nm),Octa-core (1x2.62 GHz Cortex-A720 & 3x2.15 GHz Cortex-A720 & 4x1.53GHz Cortex-A510),Maleoon 910 GPU,"NM (Nano Memory), up to 256GB (uses shared SIM slot)","512GB 16GB RAM, 1TB 16GB RAM","48 MP, f/1.4-f/4.0, 24mm (wide), PDAF, Laser AF, OIS 48 MP, f/3.0, 90mm (periscope telephoto), PDAF, OIS, 3.5x optical zoom 40 MP, f/2.2, 13mm, 120˚ (ultrawide), PDAF","LED flash, panorama, HDR","4K@30/60fps, 1080p@30/60/120/240/480fps, 720p@960fps, 720p@3840fps, HDR, gyro-EIS","13 MP, f/2.4, 18mm (ultrawide) TOF 3D, (depth/biometrics sensor)","HDR, panorama","4K@30/60fps, 1080p@30/60/240fps","Yes, with stereo speakers",No,"Wi-Fi 802.11 a/b/g/n/ac/6, dual-band, Wi-Fi Direct","5.2, A2DP, LE","GPS (L1+L5), GLONASS (L1), BDS (B1I+B1c+B2a+B2b), GALILEO (E1+E5a+E5b), QZSS (L1+L5), NavIC (L5)",Yes,No,"USB Type-C 3.1, OTG, DisplayPort 1.2","Face ID, fingerprint (under display, optical), accelerometer, gyro, proximity, barometer, compass, color spectrum","Li-Po 5000 mAh, non-removable","88W wired, 100% in 30 min (advertised) 50W wireless 20W reverse wireless","Black, Red",ALN-AL10,,,,,Yes,About 1550 EUR,,
11336,Xiaomi,Redmi Note 11,GSM / HSPA / LTE,GSM 850 / 900 / 1800 / 1900 - SIM 1 & SIM 2,HSDPA 850 / 900 / 1700(AWS) / 1900 / 2100,"1, 2, 3, 4, 5, 7, 8, 20, 28, 38, 40, 41",,"HSPA, LTE-A (CA)","2022, January 26","Available. Released 2022, February 09",159.9 x 73.9 x 8.1 mm (6.30 x 2.91 x 0.32 in),179 g (6.31 oz),,"Dual SIM (Nano-SIM, dual stand-by)","AMOLED, 90Hz, 700 nits, 1000 nits (peak)","6.43 inches, 99.8 cm2 (~84.5% screen-to-body ratio)","1080 x 2400 pixels, 20:9 ratio (~409 ppi density)",Corning Gorilla Glass 3,"Android 11, upgradable to Android 13, MIUI 14",Qualcomm SM6225 Snapdragon 680 4G (6 nm),Octa-core (4x2.4 GHz Kryo 265 Gold & 4x1.9 GHz Kryo 265 Silver),Adreno 610,microSDXC (dedicated slot),"64GB 4GB RAM, 64GB 6GB RAM, 128GB 4GB RAM, 128GB 6GB RAM",,"LED flash, HDR, panorama",1080p@30fps,"13 MP, f/2.4, (wide), 1/3.1"", 1.12µm",,1080p@30fps,"Yes, with stereo speakers",Yes,"Wi-Fi 802.11 a/b/g/n/ac, dual-band, Wi-Fi Direct","5.0, A2DP, LE","GPS, GLONASS, BDS, GALILEO",Yes (market/region dependent),FM radio,"USB Type-C 2.0, OTG","Fingerprint (side-mounted), accelerometer, gyro, compass","Li-Po 5000 mAh, non-removable","33W wired, PD3.0, QC3, 100% in 60 min (advertised)","Graphite Gray, Twilight Blue, Star Blue","2201117TG, 2201117TI, 2201117TY, 2201117TL",0.97 W/kg (head) 0.93 W/kg (body),"50 MP, f/1.8, 26mm (wide), 1/2.76"", 0.64µm, PDAF 8 MP, f/2.2, 118˚ (ultrawide), 1/4"", 1.12µm 2 MP, f/2.4, (macro) 2 MP, f/2.4, (depth)",,,Yes,,,
12572,Xiaomi,Redmi Note 13 Pro+,GSM / CDMA / HSPA / EVDO / LTE / 5G,GSM 850 / 900 / 1800 / 1900 - SIM 1 & SIM 2,HSDPA 800 / 850 / 900 / 2100,"1, 3, 5, 8, 19, 34, 38, 39, 40, 41","1, 3, 5, 8, 28, 38, 41, 77, 78 SA/NSA","HSPA, LTE-A (CA), 5G","2023, September 21","Available. Released 2023, September 21",161.4 x 74.2 x 8.9 mm (6.35 x 2.92 x 0.35 in),204.5 g (7.23 oz),"Glass front (Gorilla Glass Victus), aluminum frame","Dual SIM (Nano-SIM, dual stand-by)","OLED, 68B colors, 120Hz, Dolby Vision, HDR10+, 1800 nits (peak)","6.67 inches, 107.4 cm2 (~89.7% screen-to-body ratio)","1220 x 2712 pixels, 20:9 ratio (~446 ppi density)",Corning Gorilla Glass Victus,"Android 13, MIUI 14",Mediatek Dimensity 7200 Ultra (4 nm),Octa-core (2x2.8 GHz Cortex-A715 & 6x2.0 GHz Cortex-A510),Mali-G610 MC4,No,"256GB 12GB RAM, 512GB 12GB RAM, 512GB 16GB RAM","200 MP, f/1.7, (wide), 1/1.4"", 0.56µm, multi-directional PDAF, OIS 8 MP, f/2.2, 120˚ (ultrawide), 1/4"", 1.12µm 2 MP, f/2.4, (macro)","Dual-LED dual-tone flash, HDR, panorama","4K@24/30fps, 1080p@30/60/120fps",16 MP,HDR,1080p@30/60fps,"Yes, with stereo speakers",No,"Wi-Fi 802.11 a/b/g/n/ac/6, dual-band","5.3, A2DP, LE","GPS (L1), GLONASS (G1), BDS (B1I), GALILEO (E1), QZSS (L1)",Yes (market/region dependent),No,USB Type-C 2.0,"Fingerprint (under display, optical), accelerometer, gyro, proximity, compass","Li-Po 5000 mAh, non-removable","120W wired, PD3.0, 100% in 19 min (advertised)","Black, White, Violet, Camo Green",,,,,,Yes,About 250 EUR,,
12258,Xiaomi,Poco F5,GSM / HSPA / LTE / 5G,GSM 850 / 900 / 1800 / 1900 - SIM 1 & SIM 2,HSDPA 850 / 900 / 1700(AWS) / 1900 / 2100,"1, 2, 3, 4, 5, 7, 8, 20, 28, 38, 40, 41, 66","1, 3, 5, 7, 8, 20, 28, 38, 40, 41, 77, 78 SA/NSA","HSPA, LTE-A (CA), 5G","2023, May 09","Available. Released 2023, May",161.1 x 75 x 7.9 mm (6.34 x 2.95 x 0.31 in),181 g (6.38 oz),"Glass front (Gorilla Glass 5), plastic back, plastic frame","Dual SIM (Nano-SIM, dual stand-by)","AMOLED, 68B colors, Dolby Vision, HDR10+, 120Hz, 500 nits (typ), 1000 nits (peak)","6.67 inches, 107.4 cm2 (~88.9% screen-to-body ratio)","1080 x 2400 pixels, 20:9 ratio (~395 ppi density)",Corning Gorilla Glass 5,"Android 13, MIUI 14 for POCO",Qualcomm SM7475-AB Snapdragon 7+ Gen 2 (4 nm),Octa-core (1x2.91 GHz Cortex-X2 & 3x2.49 GHz Cortex-A710 & 4x1.8 GHz Cortex-A510),Adreno 725,No,"256GB 8GB RAM, 256GB 12GB RAM","64 MP, f/1.8, (wide), 1/2"", 0.7µm, PDAF, OIS 8 MP, f/2.2, 120˚ (ultrawide), 1/4"", 1.12µm 2 MP, f/2.4, (macro)","LED flash, HDR, panorama","4K@30fps, 1080p@30/60/120fps, gyro-EIS","16 MP, f/2.5, (wide)",,1080p@30/60fps,"Yes, with stereo speakers",Yes,"Wi-Fi 802.11 a/b/g/n/ac/6, dual-band","5.3, A2DP, LE","GPS (L1), GLONASS (G1), BDS (B1I), GALILEO (E1), QZSS (L1)",Yes (market/region dependent),No,"USB Type-C 2.0, OTG","Fingerprint (side-mounted), accelerometer, gyro, proximity, compass","Li-Po 5000 mAh, non-removable","67W wired, PD3.0, QC4, 100% in 46 min (advertised)","Black, Blue, White","23049PCD8G, 23049PCD8I",,,,,Yes,"$ 357.00 / € 359.00 / £ 379.00 / ₹ 27,999",,
12581,Xiaomi,Redmi Note 13 Pro,GSM / CDMA / HSPA / CDMA2000 / LTE / 5G,GSM 850 / 900 / 1800 / 1900 - SIM 1 & SIM 2,HSDPA 800 / 850 / 900 / 2100,"1, 3, 5, 8, 19, 34, 38, 39, 40, 41","1, 3, 5, 8, 28, 38, 41, 77, 78 SA/NSA","HSPA, LTE-A (CA), 5G","2023, September 21","Available. Released 2023, September 21",161.2 x 74.3 x 8 mm (6.35 x 2.93 x 0.31 in),187 g (6.60 oz),,"Dual SIM (Nano-SIM, dual stand-by)","OLED, 68B colors, 120Hz, Dolby Vision, 1800 nits (peak)","6.67 inches, 107.4 cm2 (~89.7% screen-to-body ratio)","1220 x 2712 pixels, 20:9 ratio (~446 ppi density)",Corning Gorilla Glass Victus,"Android 13, MIUI 14",Qualcomm SM7435-AB Snapdragon 7s Gen 2 (4 nm),Octa-core (4x2.40 GHz & 4x1.95 GHz),Adreno 710,No,"128GB 8GB RAM, 256GB 8GB RAM, 256GB 12GB RAM, 512GB 12GB RAM, 512GB 16GB RAM","200 MP, f/1.7, (wide), 1/1.4"", 0.56µm, multi-directional PDAF, OIS 8 MP, f/2.2, 120˚ (ultrawide), 1/4"", 1.12µm 2 MP, f/2.4, (macro)","Dual-LED dual-tone flash, HDR, panorama","4K@30fps, 1080p@30/60/120fps",16 MP,HDR,1080p@30/60fps,"Yes, with stereo speakers",Yes,"Wi-Fi 802.11 a/b/g/n/ac, dual-band","5.2, A2DP, LE","GPS (L1), GLONASS (G1), BDS (B1I+B1c), GALILEO (E1), QZSS (L1)",Yes (market/region dependent),No,USB Type-C 2.0,"Fingerprint (under display, optical), accelerometer, gyro, proximity, compass","Li-Po 5100 mAh, non-removable","67W wired, PD3.0, 100% in 44 min (advertised)","Black, White, Violet, Blue",,,,,,Yes,About 180 EUR,,
